gt_corner_angle,normal_affinity,variant,seed,recovered_corner_angle,abs_corner_angle_error,normal_angular_error,surface_leakage,chamfer_distance,boundary_seam_error,normal_estimation_error,graph_edge_cross_surface_rate,graph_partition_pair_error,mls_fit_chamfer,mls_fit_normal_error,gaussian_spawn_rms,gaussian_spawn_chamfer_delta,generated,runtime_s
30,hard,C0,0,0.0,30.0,11.78249454498291,0.17846153846153845,0.026141667076628725,0.0862591431072743,2.6336162090301514,0.04689922480620155,0.4237276710481968,0.026238907106559982,11.8718843460083,0.0016068733530119061,-9.72400299312573e-05,650,0.15776324272155762
30,hard,C0,1,0.0,30.0,11.919914245605469,0.18923076923076923,0.026280349518657854,0.08582054521112997,2.806244373321533,0.0490041928721174,0.42340910216411626,0.026404226596797288,12.008766174316406,0.0016292175278067589,-0.00012387707813943383,650,0.12478899955749512
30,hard,C0,2,0.0,30.0,12.023148536682129,0.1523076923076923,0.026405663797796644,0.08600130281718261,2.967223644256592,0.04776739356178609,0.42725297796958606,0.026514785971356758,12.082098007202148,0.0016062555368989706,-0.00010912217356011389,650,0.15657258033752441
30,hard,C0,3,0.0,30.0,12.122968673706055,0.15538461538461537,0.02644862556301978,0.08526499183383081,2.687511682510376,0.04704510108864697,0.4256817972606987,0.026538014737070924,12.063641548156738,0.0015924276085570455,-8.938917405114377e-05,650,0.0911569595336914
30,hard,C0,4,0.0,30.0,12.192072868347168,0.15846153846153846,0.026241649000422203,0.08571100191564669,2.530592203140259,0.046383647798742135,0.42340910216411626,0.02631873958379248,12.132955551147461,0.0015966716455295682,-7.709058337027758e-05,650,0.15401697158813477
30,hard,C1,0,0.0,30.0,11.78249454498291,0.17846153846153845,0.026141667076628725,0.07994674867232578,2.6336162090301514,0.03550217764286657,0.4237276710481968,0.026238907106559982,11.8718843460083,0.0016068733530119061,-9.72400299312573e-05,650,0.1560044288635254
30,hard,C1,1,0.0,30.0,12.258530616760254,0.18307692307692308,0.02623672973255916,0.09311295803648617,2.806244373321533,0.03339167900902114,0.42709354726885557,0.026358603129433736,12.347343444824219,0.0016292172949761152,-0.00012187339687457638,650,0.22725462913513184
30,hard,C1,2,0.0,30.0,12.134005546569824,0.15076923076923077,0.026444600114389046,0.08000249167783516,2.967223644256592,0.03356063644872309,0.4296246616219789,0.026553413862540946,12.192934036254883,0.0016062555368989706,-0.00010881374815190081,650,0.18838214874267578
30,hard,C1,3,0.0,30.0,12.125490188598633,0.15692307692307692,0.026472089856818832,0.07913450337805214,2.687511682510376,0.03425472821055416,0.4268833301841543,0.026561900960077982,12.076460838317871,0.0015924276085570455,-8.98111032591499e-05,650,0.1496272087097168
30,hard,C1,4,3.267345225037183,26.732654774962818,12.375337600708008,0.16,0.02628342468825382,0.08542875926346004,2.530592203140259,0.03299492385786802,0.423404149952954,0.026362110262922785,12.316224098205566,0.0015966716455295682,-7.868557466896367e-05,650,0.2197115421295166
30,hard,C2,0,0.0,30.0,11.78249454498291,0.17846153846153845,0.026141667076628725,0.08552582012166793,2.6336162090301514,0.03550217764286657,0.4237276710481968,0.026238907106559982,11.8718843460083,0.0016068733530119061,-9.72400299312573e-05,650,0.31230664253234863
30,hard,C2,1,0.0,30.0,12.258530616760254,0.18307692307692308,0.02623672973255916,0.0973538251687779,2.806244373321533,0.03339167900902114,0.42709354726885557,0.026358603129433736,12.347343444824219,0.0016292172949761152,-0.00012187339687457638,650,0.29975295066833496
30,hard,C2,2,0.0,30.0,12.134005546569824,0.15076923076923077,0.026444600114389046,0.08908316130900705,2.967223644256592,0.03356063644872309,0.4296246616219789,0.026553413862540946,12.192934036254883,0.0016062555368989706,-0.00010881374815190081,650,0.2796344757080078
30,hard,C2,3,0.0,30.0,12.125490188598633,0.15692307692307692,0.026472089856818832,0.08430734477927526,2.687511682510376,0.03425472821055416,0.4268833301841543,0.026561900960077982,12.076460838317871,0.0015924276085570455,-8.98111032591499e-05,650,0.3064095973968506
30,hard,C2,4,3.267345225037183,26.732654774962818,12.375337600708008,0.16,0.02628342468825382,0.09027178891011421,2.530592203140259,0.03299492385786802,0.423404149952954,0.026362110262922785,12.316224098205566,0.0015966716455295682,-7.868557466896367e-05,650,0.29701876640319824
30,hard,C3,0,30.06481144085246,0.06481144085245916,1.7857966423034668,0.06769230769230769,0.016515204491941406,0.08569814051744223,2.6336162090301514,0.0,0.0,0.01650376994913679,1.7857966423034668,0.001606873469427228,1.1434542804614894e-05,650,0.3242912292480469
30,hard,C3,1,28.38208092340693,1.6179190765930684,6.632674217224121,0.0876923076923077,0.0182004482228714,0.09801172794992229,2.806244373321533,0.0,0.006551775367701679,0.01820407240719229,6.632674217224121,0.0016292172949761152,-3.6241843208890956e-06,650,0.3107893466949463
30,hard,C3,2,29.67610457595731,0.32389542404268923,3.945918083190918,0.08153846153846153,0.018303231343209214,0.09085953205008215,2.967223644256592,0.0,0.004296246616219789,0.01833277901722194,4.08437442779541,0.0016062557697296143,-2.95476740127254e-05,650,0.3196115493774414
30,hard,C3,3,29.93869182037453,0.061308179625470416,0.7825196981430054,0.05384615384615385,0.01767721723768257,0.08516514259071456,2.687511682510376,0.0,0.0021559764150714863,0.017633001752622897,0.7005864381790161,0.0015924276085570455,4.421548505967321e-05,650,0.3301117420196533
30,hard,C3,4,28.347511873891605,1.6524881261083948,1.8005260229110718,0.03076923076923077,0.018223121815521055,0.09048616173207254,2.530592203140259,0.0,0.0031397018768880305,0.01814167770793409,1.7543801069259644,0.0015966716455295682,8.14441075869636e-05,650,0.3330368995666504
30,soft,C0,0,0.0,30.0,11.78249454498291,0.17846153846153845,0.026141667076628725,0.0862591431072743,2.6336162090301514,0.04689922480620155,0.4237276710481968,0.026238907106559982,11.8718843460083,0.0016068733530119061,-9.72400299312573e-05,650,0.11910653114318848
30,soft,C0,1,0.0,30.0,11.919914245605469,0.18923076923076923,0.026280349518657854,0.08582054521112997,2.806244373321533,0.0490041928721174,0.42340910216411626,0.026404226596797288,12.008766174316406,0.0016292175278067589,-0.00012387707813943383,650,0.1454486846923828
30,soft,C0,2,0.0,30.0,12.023148536682129,0.1523076923076923,0.026405663797796644,0.08600130281718261,2.967223644256592,0.04776739356178609,0.42725297796958606,0.026514785971356758,12.082098007202148,0.0016062555368989706,-0.00010912217356011389,650,0.15340709686279297
30,soft,C0,3,0.0,30.0,12.122968673706055,0.15538461538461537,0.02644862556301978,0.08526499183383081,2.687511682510376,0.04704510108864697,0.4256817972606987,0.026538014737070924,12.063641548156738,0.0015924276085570455,-8.938917405114377e-05,650,0.11809778213500977
30,soft,C0,4,0.0,30.0,12.192072868347168,0.15846153846153846,0.026241649000422203,0.08571100191564669,2.530592203140259,0.046383647798742135,0.42340910216411626,0.02631873958379248,12.132955551147461,0.0015966716455295682,-7.709058337027758e-05,650,0.10634708404541016
30,soft,C1,0,0.0,30.0,11.78249454498291,0.17846153846153845,0.026141667076628725,0.07965893376707933,2.6336162090301514,0.04332598261771955,0.4237276710481968,0.026238907106559982,11.8718843460083,0.0016068733530119061,-9.72400299312573e-05,650,0.18814396858215332
30,soft,C1,1,0.0,30.0,11.919914245605469,0.18923076923076923,0.026280349518657854,0.07932629503463257,2.806244373321533,0.04472295514511873,0.42340910216411626,0.026404226596797288,12.008766174316406,0.0016292175278067589,-0.00012387707813943383,650,0.1933600902557373
30,soft,C1,2,0.0,30.0,12.023148536682129,0.1523076923076923,0.026405663797796644,0.0790906604915622,2.967223644256592,0.04236955668889761,0.42725297796958606,0.026514785971356758,12.082098007202148,0.0016062555368989706,-0.00010912217356011389,650,0.247025728225708
30,soft,C1,3,0.0,30.0,12.122968673706055,0.15538461538461537,0.02644862556301978,0.07856889157101558,2.687511682510376,0.04101894186806009,0.4256817972606987,0.026538014737070924,12.063641548156738,0.0015924276085570455,-8.938917405114377e-05,650,0.23180603981018066
30,soft,C1,4,0.0,30.0,12.192072868347168,0.15846153846153846,0.026241649000422203,0.07875295909252977,2.530592203140259,0.044491246544688695,0.42340910216411626,0.02631873958379248,12.132955551147461,0.0015966716455295682,-7.709058337027758e-05,650,0.21994972229003906
30,soft,C2,0,0.0,30.0,11.78249454498291,0.17846153846153845,0.026141667076628725,0.08547787122218561,2.6336162090301514,0.04332598261771955,0.4237276710481968,0.026238907106559982,11.8718843460083,0.0016068733530119061,-9.72400299312573e-05,650,0.2762129306793213
30,soft,C2,1,0.0,30.0,11.919914245605469,0.18923076923076923,0.026280349518657854,0.08585464614637658,2.806244373321533,0.04472295514511873,0.42340910216411626,0.026404226596797288,12.008766174316406,0.0016292175278067589,-0.00012387707813943383,650,0.28171372413635254
30,soft,C2,2,0.0,30.0,12.023148536682129,0.1523076923076923,0.026405663797796644,0.08546114110946297,2.967223644256592,0.04236955668889761,0.42725297796958606,0.026514785971356758,12.082098007202148,0.0016062555368989706,-0.00010912217356011389,650,0.3088722229003906
30,soft,C2,3,0.0,30.0,12.122968673706055,0.15538461538461537,0.02644862556301978,0.08383444883751894,2.687511682510376,0.04101894186806009,0.4256817972606987,0.026538014737070924,12.063641548156738,0.0015924276085570455,-8.938917405114377e-05,650,0.31472039222717285
30,soft,C2,4,0.0,30.0,12.192072868347168,0.15846153846153846,0.026241649000422203,0.08486452187631285,2.530592203140259,0.044491246544688695,0.42340910216411626,0.02631873958379248,12.132955551147461,0.0015966716455295682,-7.709058337027758e-05,650,0.30173397064208984
30,soft,C3,0,30.06481144085246,0.06481144085245916,1.7857966423034668,0.06769230769230769,0.016515204491941406,0.08569150555109498,2.6336162090301514,0.0,0.0,0.01650376994913679,1.7857966423034668,0.001606873469427228,1.1434542804614894e-05,650,0.33377504348754883
30,soft,C3,1,30.078837527040882,0.0788375270408821,3.4454116821289062,0.08461538461538462,0.01735649444469986,0.08609482307175813,2.806244373321533,0.0,0.0,0.01732397589755158,3.445411205291748,0.0016292172949761152,3.2518547148280286e-05,650,0.31418585777282715
30,soft,C3,2,30.1182464945736,0.11824649457360081,3.156555652618408,0.08153846153846153,0.01746438012555645,0.08616731821971932,2.967223644256592,0.0,0.0,0.017497272323251524,3.2950127124786377,0.0016062557697296143,-3.289219769507523e-05,650,0.33550572395324707
30,soft,C3,3,29.981110914778018,0.01888908522198207,0.7216442227363586,0.052307692307692305,0.017644923032688165,0.08474167742143782,2.687511682510376,0.0,0.0,0.01760204187134382,0.6294614672660828,0.0015924276085570455,4.288116134434569e-05,650,0.34104394912719727
30,soft,C3,4,29.969709683109375,0.03029031689062478,0.3339119255542755,0.03076923076923077,0.01795032704507295,0.08509085270464012,2.530592203140259,0.0,0.0,0.01786627454770555,0.28776586055755615,0.0015966716455295682,8.405249736740186e-05,650,0.31128358840942383
30,adaptive,C0,0,0.0,30.0,11.78249454498291,0.17846153846153845,0.026141667076628725,0.0862591431072743,2.6336162090301514,0.04689922480620155,0.4237276710481968,0.026238907106559982,11.8718843460083,0.0016068733530119061,-9.72400299312573e-05,650,0.12414121627807617
30,adaptive,C0,1,0.0,30.0,11.919914245605469,0.18923076923076923,0.026280349518657854,0.08582054521112997,2.806244373321533,0.0490041928721174,0.42340910216411626,0.026404226596797288,12.008766174316406,0.0016292175278067589,-0.00012387707813943383,650,0.10272669792175293
30,adaptive,C0,2,0.0,30.0,12.023148536682129,0.1523076923076923,0.026405663797796644,0.08600130281718261,2.967223644256592,0.04776739356178609,0.42725297796958606,0.026514785971356758,12.082098007202148,0.0016062555368989706,-0.00010912217356011389,650,0.12180089950561523
30,adaptive,C0,3,0.0,30.0,12.122968673706055,0.15538461538461537,0.02644862556301978,0.08526499183383081,2.687511682510376,0.04704510108864697,0.4256817972606987,0.026538014737070924,12.063641548156738,0.0015924276085570455,-8.938917405114377e-05,650,0.15867376327514648
30,adaptive,C0,4,0.0,30.0,12.192072868347168,0.15846153846153846,0.026241649000422203,0.08571100191564669,2.530592203140259,0.046383647798742135,0.42340910216411626,0.02631873958379248,12.132955551147461,0.0015966716455295682,-7.709058337027758e-05,650,0.15636539459228516
30,adaptive,C1,0,0.0,30.0,11.78249454498291,0.17846153846153845,0.026141667076628725,0.07965054620075387,2.6336162090301514,0.041552689852807086,0.4237276710481968,0.026238907106559982,11.8718843460083,0.0016068733530119061,-9.72400299312573e-05,650,0.23527050018310547
30,adaptive,C1,1,0.0,30.0,11.919914245605469,0.18923076923076923,0.026280349518657854,0.07916831009378819,2.806244373321533,0.04188204108681246,0.42340910216411626,0.026404226596797288,12.008766174316406,0.0016292175278067589,-0.00012387707813943383,650,0.23038935661315918
30,adaptive,C1,2,0.0,30.0,12.023148536682129,0.1523076923076923,0.026405663797796644,0.07909793097703367,2.967223644256592,0.044248949579831935,0.42725297796958606,0.026514785971356758,12.082098007202148,0.0016062555368989706,-0.00010912217356011389,650,0.23897433280944824
30,adaptive,C1,3,0.0,30.0,12.122968673706055,0.15538461538461537,0.02644862556301978,0.07853025661717872,2.687511682510376,0.04442417926003127,0.4256817972606987,0.026538014737070924,12.063641548156738,0.0015924276085570455,-8.938917405114377e-05,650,0.25596070289611816
30,adaptive,C1,4,0.0,30.0,12.192072868347168,0.15846153846153846,0.026241649000422203,0.0787704386407429,2.530592203140259,0.04261213720316623,0.42340910216411626,0.02631873958379248,12.132955551147461,0.0015966716455295682,-7.709058337027758e-05,650,0.1977860927581787
30,adaptive,C2,0,0.0,30.0,11.78249454498291,0.17846153846153845,0.026141667076628725,0.08523401847790078,2.6336162090301514,0.041552689852807086,0.4237276710481968,0.026238907106559982,11.8718843460083,0.0016068733530119061,-9.72400299312573e-05,650,0.3438694477081299
30,adaptive,C2,1,0.0,30.0,11.919914245605469,0.18923076923076923,0.026280349518657854,0.08555364504537605,2.806244373321533,0.04188204108681246,0.42340910216411626,0.026404226596797288,12.008766174316406,0.0016292175278067589,-0.00012387707813943383,650,0.33057498931884766
30,adaptive,C2,2,0.0,30.0,12.023148536682129,0.1523076923076923,0.026405663797796644,0.08525249400073587,2.967223644256592,0.044248949579831935,0.42725297796958606,0.026514785971356758,12.082098007202148,0.0016062555368989706,-0.00010912217356011389,650,0.33713221549987793
30,adaptive,C2,3,0.0,30.0,12.122968673706055,0.15538461538461537,0.02644862556301978,0.08393500654247461,2.687511682510376,0.04442417926003127,0.4256817972606987,0.026538014737070924,12.063641548156738,0.0015924276085570455,-8.938917405114377e-05,650,0.3409452438354492
30,adaptive,C2,4,0.0,30.0,12.192072868347168,0.15846153846153846,0.026241649000422203,0.0849911330707033,2.530592203140259,0.04261213720316623,0.42340910216411626,0.02631873958379248,12.132955551147461,0.0015966716455295682,-7.709058337027758e-05,650,0.3298757076263428
30,adaptive,C3,0,30.06481144085246,0.06481144085245916,1.7857966423034668,0.06769230769230769,0.016515204491941406,0.08570681992366712,2.6336162090301514,0.0,0.0,0.01650376994913679,1.7857966423034668,0.001606873469427228,1.1434542804614894e-05,650,0.3468916416168213
30,adaptive,C3,1,30.078837527040882,0.0788375270408821,3.4454116821289062,0.08461538461538462,0.01735649444469986,0.08580313838591228,2.806244373321533,0.0,0.0,0.01732397589755158,3.445411205291748,0.0016292172949761152,3.2518547148280286e-05,650,0.36812686920166016
30,adaptive,C3,2,30.1182464945736,0.11824649457360081,3.156555652618408,0.08153846153846153,0.01746438012555645,0.0862380617189083,2.967223644256592,0.0,0.0,0.017497272323251524,3.2950127124786377,0.0016062557697296143,-3.289219769507523e-05,650,0.3616454601287842
30,adaptive,C3,3,29.981110914778018,0.01888908522198207,0.7216442227363586,0.052307692307692305,0.017644923032688165,0.0847689555558964,2.687511682510376,0.0,0.0,0.01760204187134382,0.6294614672660828,0.0015924276085570455,4.288116134434569e-05,650,0.3806495666503906
30,adaptive,C3,4,29.969709683109375,0.03029031689062478,0.3339119255542755,0.03076923076923077,0.01795032704507295,0.08520699646452012,2.530592203140259,0.0,0.0,0.01786627454770555,0.28776586055755615,0.0015966716455295682,8.405249736740186e-05,650,0.369828462600708
45,hard,C0,0,0.0,45.0,31.264068603515625,0.2076923076923077,0.04364488451876076,0.09918128569937208,2.4622552394866943,0.03777258566978193,0.42484241425731795,0.043869472515351025,31.48283576965332,0.001608312944881618,-0.00022458799659026696,650,0.15001821517944336
45,hard,C0,1,0.0,45.0,27.299903869628906,0.2276923076923077,0.04441077440821463,0.09957396752198489,2.5433311462402344,0.03796296296296296,0.425674413909708,0.04459705021444757,27.117176055908203,0.0016299437265843153,-0.00018627580623294115,650,0.21055960655212402
45,hard,C0,2,0.0,45.0,26.722530364990234,0.16,0.043386960508406514,0.09965999767243419,2.550886869430542,0.03687888198757764,0.4265139147822223,0.043584908484195065,26.888858795166016,0.0016064229421317577,-0.00019794797578855106,650,0.1962127685546875
45,hard,C0,3,0.0,45.0,28.727283477783203,0.15692307692307692,0.04335933902821873,0.09809151866376728,2.4038844108581543,0.03497139885595424,0.4264235569422777,0.043505240443875354,28.41836166381836,0.0015932249370962381,-0.00014590141565662407,650,0.21244335174560547
45,hard,C0,4,0.0,45.0,30.182458877563477,0.2153846153846154,0.04371492507960456,0.09917797610102405,2.46999192237854,0.03571428571428571,0.42303249311335567,0.04383510431620957,29.89260482788086,0.0015962435863912106,-0.0001201792366050114,650,0.1773078441619873
45,hard,C1,0,6.340473018189604,38.659526981810394,31.491207122802734,0.2,0.04349064458540748,0.09619470091369203,2.4622552394866943,0.026128266033254157,0.42362255237873064,0.043706402382411524,31.673791885375977,0.001608312944881618,-0.00021575779700404307,650,0.23876380920410156
45,hard,C1,1,5.668769936166496,39.3312300638335,26.051898956298828,0.21846153846153846,0.044154739153010186,0.09995380814577369,2.5433311462402344,0.025609920474457475,0.42442778913367146,0.044338565559437396,25.797508239746094,0.0016299437265843153,-0.00018382640642720938,650,0.24485063552856445
45,hard,C1,2,5.719402409233611,39.28059759076639,26.186485290527344,0.1523076923076923,0.04334919218941644,0.09533793589905772,2.550886869430542,0.02365534557948989,0.42531128348289754,0.04355385995745506,25.978734970092773,0.0016064229421317577,-0.00020466776803861747,650,0.2187957763671875
45,hard,C1,3,0.0,45.0,28.727283477783203,0.15692307692307692,0.04335933902821873,0.09430068181965533,2.4038844108581543,0.02278749337572867,0.4264235569422777,0.043505240443875354,28.41836166381836,0.0015932249370962381,-0.00014590141565662407,650,0.25035691261291504
45,hard,C1,4,6.040333576021041,38.95966642397896,30.695642471313477,0.19846153846153847,0.043489436699237494,0.09744855821505415,2.46999192237854,0.022833489117372145,0.4217884541334676,0.043595067364400567,30.340618133544922,0.0015962435863912106,-0.00010563066516307285,650,0.2361280918121338
45,hard,C2,0,6.340473018189604,38.659526981810394,31.491207122802734,0.2,0.04349064458540748,0.10064596723936681,2.4622552394866943,0.026128266033254157,0.42362255237873064,0.043706402382411524,31.673791885375977,0.001608312944881618,-0.00021575779700404307,650,0.31450557708740234
45,hard,C2,1,5.668769936166496,39.3312300638335,26.051898956298828,0.21846153846153846,0.044154739153010186,0.10696616098969133,2.5433311462402344,0.025609920474457475,0.42442778913367146,0.044338565559437396,25.797508239746094,0.0016299437265843153,-0.00018382640642720938,650,0.3193056583404541
45,hard,C2,2,5.719402409233611,39.28059759076639,26.186485290527344,0.1523076923076923,0.04334919218941644,0.100179605151896,2.550886869430542,0.02365534557948989,0.42531128348289754,0.04355385995745506,25.978734970092773,0.0016064229421317577,-0.00020466776803861747,650,0.32780909538269043
45,hard,C2,3,0.0,45.0,28.727283477783203,0.15692307692307692,0.04335933902821873,0.09780256373696361,2.4038844108581543,0.02278749337572867,0.4264235569422777,0.043505240443875354,28.41836166381836,0.0015932249370962381,-0.00014590141565662407,650,0.2837402820587158
45,hard,C2,4,6.040333576021041,38.95966642397896,30.695642471313477,0.19846153846153847,0.043489436699237494,0.10168817419582897,2.46999192237854,0.022833489117372145,0.4217884541334676,0.043595067364400567,30.340618133544922,0.0015962435863912106,-0.00010563066516307285,650,0.31083059310913086
45,hard,C3,0,44.0612281941576,0.9387718058423999,4.086139678955078,0.07076923076923076,0.02169747919692004,0.07794310921362103,2.4622552394866943,0.0,0.0009477014594602475,0.021661851212080696,3.8092288970947266,0.001608312944881618,3.562798483934537e-05,650,0.31112194061279297
45,hard,C3,1,42.319353194071624,2.680646805928376,7.680905818939209,0.06,0.023601674370802322,0.08608054856122609,2.5433311462402344,0.0,0.004128498246145305,0.023496554751292087,7.750135898590088,0.001629943959414959,0.00010511961951023552,650,0.3175225257873535
45,hard,C3,2,44.75197159288887,0.2480284071111285,5.408708572387695,0.05384615384615385,0.024078697280672714,0.07754590238974697,2.550886869430542,0.0,0.004047409754354105,0.024146925851753685,5.270254135131836,0.0016064229421317577,-6.822857108097075e-05,650,0.31546711921691895
45,hard,C3,3,44.993205227637624,0.0067947723623760226,2.314455032348633,0.07076923076923076,0.02185592349990709,0.07566555620141249,2.4038844108581543,0.0,0.0,0.021812356993225954,2.314368486404419,0.0015932249370962381,4.3566506681136374e-05,650,0.32830166816711426
45,hard,C3,4,43.0635273463523,1.936472653647698,3.0824954509735107,0.06153846153846154,0.02188415495804607,0.07955287017987864,2.46999192237854,0.0,0.0009478392227718373,0.021806963858913127,3.0132696628570557,0.0015962438192218542,7.71910991329422e-05,650,0.3298783302307129
45,soft,C0,0,0.0,45.0,31.264068603515625,0.2076923076923077,0.04364488451876076,0.09918128569937208,2.4622552394866943,0.03777258566978193,0.42484241425731795,0.043869472515351025,31.48283576965332,0.001608312944881618,-0.00022458799659026696,650,0.20428752899169922
45,soft,C0,1,0.0,45.0,27.299903869628906,0.2276923076923077,0.04441077440821463,0.09957396752198489,2.5433311462402344,0.03796296296296296,0.425674413909708,0.04459705021444757,27.117176055908203,0.0016299437265843153,-0.00018627580623294115,650,0.1706554889678955
45,soft,C0,2,0.0,45.0,26.722530364990234,0.16,0.043386960508406514,0.09965999767243419,2.550886869430542,0.03687888198757764,0.4265139147822223,0.043584908484195065,26.888858795166016,0.0016064229421317577,-0.00019794797578855106,650,0.1786329746246338
45,soft,C0,3,0.0,45.0,28.727283477783203,0.15692307692307692,0.04335933902821873,0.09809151866376728,2.4038844108581543,0.03497139885595424,0.4264235569422777,0.043505240443875354,28.41836166381836,0.0015932249370962381,-0.00014590141565662407,650,0.16761422157287598
45,soft,C0,4,0.0,45.0,30.182458877563477,0.2153846153846154,0.04371492507960456,0.09917797610102405,2.46999192237854,0.03571428571428571,0.42303249311335567,0.04383510431620957,29.89260482788086,0.0015962435863912106,-0.0001201792366050114,650,0.14758586883544922
45,soft,C1,0,6.340473018189604,38.659526981810394,31.491207122802734,0.2,0.04349064458540748,0.09613650820719781,2.4622552394866943,0.03419919070617413,0.42362255237873064,0.043706402382411524,31.673791885375977,0.001608312944881618,-0.00021575779700404307,650,0.25002598762512207
45,soft,C1,1,0.0,45.0,27.299903869628906,0.2276923076923077,0.04441077440821463,0.09530226749463384,2.5433311462402344,0.03249866808737347,0.425674413909708,0.04459705021444757,27.117176055908203,0.0016299437265843153,-0.00018627580623294115,650,0.22177696228027344
45,soft,C1,2,0.0,45.0,26.722530364990234,0.16,0.043386960508406514,0.09496768520651673,2.550886869430542,0.031196971674716096,0.4265139147822223,0.043584908484195065,26.888858795166016,0.0016064229421317577,-0.00019794797578855106,650,0.2580709457397461
45,soft,C1,3,0.0,45.0,28.727283477783203,0.15692307692307692,0.04335933902821873,0.09415597860946229,2.4038844108581543,0.030948028205797857,0.4264235569422777,0.043505240443875354,28.41836166381836,0.0015932249370962381,-0.00014590141565662407,650,0.23720335960388184
45,soft,C1,4,6.040333576021041,38.95966642397896,30.695642471313477,0.19846153846153847,0.043489436699237494,0.09732067260711424,2.46999192237854,0.0311263518860459,0.4217884541334676,0.043595067364400567,30.340618133544922,0.0015962435863912106,-0.00010563066516307285,650,0.21763920783996582
45,soft,C2,0,6.340473018189604,38.659526981810394,31.491207122802734,0.2,0.04349064458540748,0.10078824184398592,2.4622552394866943,0.03419919070617413,0.42362255237873064,0.043706402382411524,31.673791885375977,0.001608312944881618,-0.00021575779700404307,650,0.35345959663391113
45,soft,C2,1,0.0,45.0,27.299903869628906,0.2276923076923077,0.04441077440821463,0.1004400156829054,2.5433311462402344,0.03249866808737347,0.425674413909708,0.04459705021444757,27.117176055908203,0.0016299437265843153,-0.00018627580623294115,650,0.3262922763824463
45,soft,C2,2,0.0,45.0,26.722530364990234,0.16,0.043386960508406514,0.09991189284983253,2.550886869430542,0.031196971674716096,0.4265139147822223,0.043584908484195065,26.888858795166016,0.0016064229421317577,-0.00019794797578855106,650,0.31661343574523926
45,soft,C2,3,0.0,45.0,28.727283477783203,0.15692307692307692,0.04335933902821873,0.0979173222628013,2.4038844108581543,0.030948028205797857,0.4264235569422777,0.043505240443875354,28.41836166381836,0.0015932249370962381,-0.00014590141565662407,650,0.33831262588500977
45,soft,C2,4,6.040333576021041,38.95966642397896,30.695642471313477,0.19846153846153847,0.043489436699237494,0.1019038484068622,2.46999192237854,0.0311263518860459,0.4217884541334676,0.043595067364400567,30.340618133544922,0.0015962435863912106,-0.00010563066516307285,650,0.33945608139038086
45,soft,C3,0,44.0612281941576,0.9387718058423999,4.086139678955078,0.07076923076923076,0.02169747919692004,0.07804762479789076,2.4622552394866943,0.0,0.0009477014594602475,0.021661851212080696,3.8092288970947266,0.001608312944881618,3.562798483934537e-05,650,0.3332796096801758
45,soft,C3,1,45.07644719512611,0.0764471951261072,4.683311939239502,0.05846153846153846,0.023198198456768685,0.07774355512401862,2.5433311462402344,0.0,0.0,0.02311477044389233,4.752541542053223,0.001629943959414959,8.34280128763562e-05,650,0.32731103897094727
45,soft,C3,2,45.117087929708916,0.1170879297089158,5.11599063873291,0.05384615384615385,0.024014376348507005,0.07708840084722998,2.550886869430542,0.0,0.0,0.02408026266013618,4.977532863616943,0.0016064229421317577,-6.588631162917497e-05,650,0.3004419803619385
45,soft,C3,3,44.993205227637624,0.0067947723623760226,2.314455032348633,0.07076923076923076,0.02185592349990709,0.07523475863655821,2.4038844108581543,0.0,0.0,0.021812356993225954,2.314368486404419,0.0015932249370962381,4.3566506681136374e-05,650,0.3481886386871338
45,soft,C3,4,43.0635273463523,1.936472653647698,3.0824954509735107,0.06153846153846154,0.02188415495804607,0.07962658029346449,2.46999192237854,0.0,0.0009478392227718373,0.021806963858913127,3.0132696628570557,0.0015962438192218542,7.71910991329422e-05,650,0.34035396575927734
45,adaptive,C0,0,0.0,45.0,31.264068603515625,0.2076923076923077,0.04364488451876076,0.09918128569937208,2.4622552394866943,0.03777258566978193,0.42484241425731795,0.043869472515351025,31.48283576965332,0.001608312944881618,-0.00022458799659026696,650,0.17185091972351074
45,adaptive,C0,1,0.0,45.0,27.299903869628906,0.2276923076923077,0.04441077440821463,0.09957396752198489,2.5433311462402344,0.03796296296296296,0.425674413909708,0.04459705021444757,27.117176055908203,0.0016299437265843153,-0.00018627580623294115,650,0.17554712295532227
45,adaptive,C0,2,0.0,45.0,26.722530364990234,0.16,0.043386960508406514,0.09965999767243419,2.550886869430542,0.03687888198757764,0.4265139147822223,0.043584908484195065,26.888858795166016,0.0016064229421317577,-0.00019794797578855106,650,0.12898874282836914
45,adaptive,C0,3,0.0,45.0,28.727283477783203,0.15692307692307692,0.04335933902821873,0.09809151866376728,2.4038844108581543,0.03497139885595424,0.4264235569422777,0.043505240443875354,28.41836166381836,0.0015932249370962381,-0.00014590141565662407,650,0.14909863471984863
45,adaptive,C0,4,0.0,45.0,30.182458877563477,0.2153846153846154,0.04371492507960456,0.09917797610102405,2.46999192237854,0.03571428571428571,0.42303249311335567,0.04383510431620957,29.89260482788086,0.0015962435863912106,-0.0001201792366050114,650,0.19666385650634766
45,adaptive,C1,0,0.0,45.0,31.264068603515625,0.2076923076923077,0.04364488451876076,0.09488162411864838,2.4622552394866943,0.03252351097178684,0.42484241425731795,0.043869472515351025,31.48283576965332,0.001608312944881618,-0.00022458799659026696,650,0.28041625022888184
45,adaptive,C1,1,0.0,45.0,27.299903869628906,0.2276923076923077,0.04441077440821463,0.09531907230712741,2.5433311462402344,0.0322623650179976,0.425674413909708,0.04459705021444757,27.117176055908203,0.0016299437265843153,-0.00018627580623294115,650,0.2335960865020752
45,adaptive,C1,2,0.0,45.0,26.722530364990234,0.16,0.043386960508406514,0.09488568043705786,2.550886869430542,0.031192900026102845,0.4265139147822223,0.043584908484195065,26.888858795166016,0.0016064229421317577,-0.00019794797578855106,650,0.2695801258087158
45,adaptive,C1,3,0.0,45.0,28.727283477783203,0.15692307692307692,0.04335933902821873,0.0941413865593114,2.4038844108581543,0.031119246861924688,0.4264235569422777,0.043505240443875354,28.41836166381836,0.0015932249370962381,-0.00014590141565662407,650,0.25109100341796875
45,adaptive,C1,4,0.0,45.0,30.182458877563477,0.2153846153846154,0.04371492507960456,0.09433199208334989,2.46999192237854,0.028144820295983086,0.42303249311335567,0.04383510431620957,29.89260482788086,0.0015962435863912106,-0.0001201792366050114,650,0.2540769577026367
45,adaptive,C2,0,0.0,45.0,31.264068603515625,0.2076923076923077,0.04364488451876076,0.09986480993427524,2.4622552394866943,0.03252351097178684,0.42484241425731795,0.043869472515351025,31.48283576965332,0.001608312944881618,-0.00022458799659026696,650,0.35558009147644043
45,adaptive,C2,1,0.0,45.0,27.299903869628906,0.2276923076923077,0.04441077440821463,0.1004934358259422,2.5433311462402344,0.0322623650179976,0.425674413909708,0.04459705021444757,27.117176055908203,0.0016299437265843153,-0.00018627580623294115,650,0.3690648078918457
45,adaptive,C2,2,0.0,45.0,26.722530364990234,0.16,0.043386960508406514,0.10007780640405523,2.550886869430542,0.031192900026102845,0.4265139147822223,0.043584908484195065,26.888858795166016,0.0016064229421317577,-0.00019794797578855106,650,0.36299729347229004
45,adaptive,C2,3,0.0,45.0,28.727283477783203,0.15692307692307692,0.04335933902821873,0.09808006332733357,2.4038844108581543,0.031119246861924688,0.4264235569422777,0.043505240443875354,28.41836166381836,0.0015932249370962381,-0.00014590141565662407,650,0.3496866226196289
45,adaptive,C2,4,0.0,45.0,30.182458877563477,0.2153846153846154,0.04371492507960456,0.09975592632640833,2.46999192237854,0.028144820295983086,0.42303249311335567,0.04383510431620957,29.89260482788086,0.0015962435863912106,-0.0001201792366050114,650,0.37259984016418457
45,adaptive,C3,0,45.064527727688095,0.06452772768809467,3.4296398162841797,0.07076923076923076,0.021459388050542278,0.07722495584294475,2.4622552394866943,0.0,0.0,0.02143189567488869,3.1527316570281982,0.001608312944881618,2.7492375653588585e-05,650,0.36681699752807617
45,adaptive,C3,1,45.07644719512611,0.0764471951261072,4.683311939239502,0.05846153846153846,0.023198198456768685,0.07787140900573966,2.5433311462402344,0.0,0.0,0.02311477044389233,4.752541542053223,0.001629943959414959,8.34280128763562e-05,650,0.3545825481414795
45,adaptive,C3,2,45.117087929708916,0.1170879297089158,5.11599063873291,0.05384615384615385,0.024014376348507005,0.0773253013073269,2.550886869430542,0.0,0.0,0.02408026266013618,4.977532863616943,0.0016064229421317577,-6.588631162917497e-05,650,0.38585972785949707
45,adaptive,C3,3,44.993205227637624,0.0067947723623760226,2.314455032348633,0.07076923076923076,0.02185592349990709,0.0752360378034585,2.4038844108581543,0.0,0.0,0.021812356993225954,2.314368486404419,0.0015932249370962381,4.3566506681136374e-05,650,0.3592722415924072
45,adaptive,C3,4,44.97127654343969,0.02872345656030717,2.018922805786133,0.06153846153846154,0.022466940144483454,0.07654907061994412,2.46999192237854,0.0,0.0,0.022404037928666548,1.9496968984603882,0.0015962438192218542,6.290221581690611e-05,650,0.35419416427612305
60,hard,C0,0,0.0,60.0,52.651092529296875,0.25846153846153846,0.045060597152730864,0.09934105655910418,2.3822734355926514,0.03693853427895981,0.45430381819785093,0.04530288484642017,52.63563537597656,0.0016102391527965665,-0.00024228769368930814,650,0.13990330696105957
60,hard,C0,1,0.0,60.0,51.5683479309082,0.24461538461538462,0.0458853371612821,0.09942483482883523,2.590733289718628,0.03733572281959379,0.4533052772469,0.04613004003834184,51.435733795166016,0.001629781094379723,-0.0002447028770597437,650,0.11806464195251465
60,hard,C0,2,0.0,60.0,51.54743957519531,0.2553846153846154,0.045903892500007794,0.10029616244898418,2.3719277381896973,0.036135693215339236,0.45607230276784033,0.04615781609598325,51.4625358581543,0.0016065228264778852,-0.0002539235959754596,650,0.1751558780670166
60,hard,C0,3,0.0,60.0,51.69110107421875,0.2630769230769231,0.04567009991292023,0.09845143183439885,2.3336358070373535,0.034191829484902306,0.4557562119555255,0.04586286897571239,51.627906799316406,0.001593499444425106,-0.00019276906279215578,650,0.16360783576965332
60,hard,C0,4,0.0,60.0,52.579410552978516,0.24,0.044956611429290014,0.09896954303136243,2.485337734222412,0.034955752212389384,0.450611937488232,0.045120749308977554,52.52817916870117,0.0015970292733982205,-0.0001641378796875398,650,0.12379717826843262
60,hard,C1,0,0.0,60.0,52.651092529296875,0.25846153846153846,0.045060597152730864,0.09226645306094192,2.3822734355926514,0.020745003028467594,0.45430381819785093,0.04530288484642017,52.63563537597656,0.0016102391527965665,-0.00024228769368930814,650,0.22866582870483398
60,hard,C1,1,10.684632787797401,49.3153672122026,51.000858306884766,0.2353846153846154,0.045930427916850765,0.1014817436518242,2.590733289718628,0.020923076923076923,0.45218560774245026,0.04615850334610586,50.83945846557617,0.001629781094379723,-0.00022807542925509794,650,0.2290194034576416
60,hard,C1,2,0.0,60.0,51.54743957519531,0.2553846153846154,0.045903892500007794,0.09324937050599622,2.3719277381896973,0.020984299516908212,0.45607230276784033,0.04615781609598325,51.4625358581543,0.0016065228264778852,-0.0002539235959754596,650,0.21052002906799316
60,hard,C1,3,0.0,60.0,51.69110107421875,0.2630769230769231,0.04567009991292023,0.09214292812467673,2.3336358070373535,0.020108859993952222,0.4557562119555255,0.04586286897571239,51.627906799316406,0.001593499444425106,-0.00019276906279215578,650,0.23275518417358398
60,hard,C1,4,0.0,60.0,52.579410552978516,0.24,0.044956611429290014,0.09292555270823825,2.485337734222412,0.020105820105820106,0.450611937488232,0.045120749308977554,52.52817916870117,0.0015970292733982205,-0.0001641378796875398,650,0.22931289672851562
60,hard,C2,0,0.0,60.0,52.651092529296875,0.25846153846153846,0.045060597152730864,0.09717800954884004,2.3822734355926514,0.020745003028467594,0.45430381819785093,0.04530288484642017,52.63563537597656,0.0016102391527965665,-0.00024228769368930814,650,0.285625696182251
60,hard,C2,1,10.684632787797401,49.3153672122026,51.000858306884766,0.2353846153846154,0.045930427916850765,0.10644577234724537,2.590733289718628,0.020923076923076923,0.45218560774245026,0.04615850334610586,50.83945846557617,0.001629781094379723,-0.00022807542925509794,650,0.2976877689361572
60,hard,C2,2,0.0,60.0,51.54743957519531,0.2553846153846154,0.045903892500007794,0.09786770930031169,2.3719277381896973,0.020984299516908212,0.45607230276784033,0.04615781609598325,51.4625358581543,0.0016065228264778852,-0.0002539235959754596,650,0.29839444160461426
60,hard,C2,3,0.0,60.0,51.69110107421875,0.2630769230769231,0.04567009991292023,0.09568689262153048,2.3336358070373535,0.020108859993952222,0.4557562119555255,0.04586286897571239,51.627906799316406,0.001593499444425106,-0.00019276906279215578,650,0.28287529945373535
60,hard,C2,4,0.0,60.0,52.579410552978516,0.24,0.044956611429290014,0.09736696513735794,2.485337734222412,0.020105820105820106,0.450611937488232,0.045120749308977554,52.52817916870117,0.0015970292733982205,-0.0001641378796875398,650,0.2901937961578369
60,hard,C3,0,60.05218719577529,0.0521871957752893,5.296759128570557,0.05846153846153846,0.01862283541574521,0.0779734923358654,2.3822734355926514,0.0,0.00483730773591323,0.018610479689188258,4.835311412811279,0.001610238803550601,1.2355726556952107e-05,650,0.2844834327697754
60,hard,C3,1,69.65110973119658,9.651109731196584,14.034783363342285,0.12307692307692308,0.02212827069455711,0.08988652432060813,2.590733289718628,0.0,0.014330482680514534,0.02211680357034041,13.86795711517334,0.001629781094379723,1.1467124216700542e-05,650,0.3070700168609619
60,hard,C3,2,55.9100068440543,4.089993155945699,5.837085247039795,0.06769230769230769,0.01899445771351632,0.07833226692895587,2.3719277381896973,0.0,0.004870394778133434,0.018963037585269463,5.467865943908691,0.001606522942893207,3.142012824685833e-05,650,0.2887861728668213
60,hard,C3,3,59.99246385435046,0.007536145649538639,3.2581889629364014,0.08,0.017499701886170678,0.07539247807942327,2.3336358070373535,0.0,0.0036788177215349898,0.017376357604950435,3.350482940673828,0.001593499444425106,0.00012334428122024246,650,0.3213932514190674
60,hard,C3,4,57.800312312080365,2.199687687919635,4.888546943664551,0.06769230769230769,0.01733423028652424,0.07991047437956772,2.485337734222412,0.0,0.0047636979853135,0.017318913709181108,4.9808526039123535,0.0015970292733982205,1.5316577343132964e-05,650,0.2848019599914551
60,soft,C0,0,0.0,60.0,52.651092529296875,0.25846153846153846,0.045060597152730864,0.09934105655910418,2.3822734355926514,0.03693853427895981,0.45430381819785093,0.04530288484642017,52.63563537597656,0.0016102391527965665,-0.00024228769368930814,650,0.19876694679260254
60,soft,C0,1,0.0,60.0,51.5683479309082,0.24461538461538462,0.0458853371612821,0.09942483482883523,2.590733289718628,0.03733572281959379,0.4533052772469,0.04613004003834184,51.435733795166016,0.001629781094379723,-0.0002447028770597437,650,0.16456127166748047
60,soft,C0,2,0.0,60.0,51.54743957519531,0.2553846153846154,0.045903892500007794,0.10029616244898418,2.3719277381896973,0.036135693215339236,0.45607230276784033,0.04615781609598325,51.4625358581543,0.0016065228264778852,-0.0002539235959754596,650,0.13225841522216797
60,soft,C0,3,0.0,60.0,51.69110107421875,0.2630769230769231,0.04567009991292023,0.09845143183439885,2.3336358070373535,0.034191829484902306,0.4557562119555255,0.04586286897571239,51.627906799316406,0.001593499444425106,-0.00019276906279215578,650,0.13447093963623047
60,soft,C0,4,0.0,60.0,52.579410552978516,0.24,0.044956611429290014,0.09896954303136243,2.485337734222412,0.034955752212389384,0.450611937488232,0.045120749308977554,52.52817916870117,0.0015970292733982205,-0.0001641378796875398,650,0.11666703224182129
60,soft,C1,0,0.0,60.0,52.651092529296875,0.25846153846153846,0.045060597152730864,0.09186389415462017,2.3822734355926514,0.031663445815370894,0.45430381819785093,0.04530288484642017,52.63563537597656,0.0016102391527965665,-0.00024228769368930814,650,0.2390434741973877
60,soft,C1,1,0.0,60.0,51.5683479309082,0.24461538461538462,0.0458853371612821,0.09317977170145685,2.590733289718628,0.031315868714242696,0.4533052772469,0.04613004003834184,51.435733795166016,0.001629781094379723,-0.0002447028770597437,650,0.2563810348510742
60,soft,C1,2,0.0,60.0,51.54743957519531,0.2553846153846154,0.045903892500007794,0.09315402690583645,2.3719277381896973,0.030419943611811842,0.45607230276784033,0.04615781609598325,51.4625358581543,0.0016065228264778852,-0.0002539235959754596,650,0.21283459663391113
60,soft,C1,3,0.0,60.0,51.69110107421875,0.2630769230769231,0.04567009991292023,0.09207701388873762,2.3336358070373535,0.03003717472118959,0.4557562119555255,0.04586286897571239,51.627906799316406,0.001593499444425106,-0.00019276906279215578,650,0.23017144203186035
60,soft,C1,4,0.0,60.0,52.579410552978516,0.24,0.044956611429290014,0.09258941058546392,2.485337734222412,0.031106502740334767,0.450611937488232,0.045120749308977554,52.52817916870117,0.0015970292733982205,-0.0001641378796875398,650,0.2297990322113037
60,soft,C2,0,0.0,60.0,52.651092529296875,0.25846153846153846,0.045060597152730864,0.09735417097859879,2.3822734355926514,0.031663445815370894,0.45430381819785093,0.04530288484642017,52.63563537597656,0.0016102391527965665,-0.00024228769368930814,650,0.31186723709106445
60,soft,C2,1,0.0,60.0,51.5683479309082,0.24461538461538462,0.0458853371612821,0.09908047391266377,2.590733289718628,0.031315868714242696,0.4533052772469,0.04613004003834184,51.435733795166016,0.001629781094379723,-0.0002447028770597437,650,0.278522253036499
60,soft,C2,2,0.0,60.0,51.54743957519531,0.2553846153846154,0.045903892500007794,0.09791734715725108,2.3719277381896973,0.030419943611811842,0.45607230276784033,0.04615781609598325,51.4625358581543,0.0016065228264778852,-0.0002539235959754596,650,0.3142068386077881
60,soft,C2,3,0.0,60.0,51.69110107421875,0.2630769230769231,0.04567009991292023,0.0957541927056446,2.3336358070373535,0.03003717472118959,0.4557562119555255,0.04586286897571239,51.627906799316406,0.001593499444425106,-0.00019276906279215578,650,0.29693174362182617
60,soft,C2,4,0.0,60.0,52.579410552978516,0.24,0.044956611429290014,0.09718985465297897,2.485337734222412,0.031106502740334767,0.450611937488232,0.045120749308977554,52.52817916870117,0.0015970292733982205,-0.0001641378796875398,650,0.3111131191253662
60,soft,C3,0,60.0545105888881,0.054510588888099676,5.298715591430664,0.05846153846153846,0.01862283190747946,0.07820770456035113,2.3822734355926514,0.0,0.0,0.018610468346100417,4.837274551391602,0.001610238803550601,1.236356137904182e-05,650,0.30246520042419434
60,soft,C3,1,60.06801633052731,0.06801633052730693,8.251734733581543,0.08307692307692308,0.020247996335470926,0.08122817691186617,2.590733289718628,0.0,0.0,0.02022956421669398,8.067124366760254,0.001629781094379723,1.8432118776945394e-05,650,0.3193247318267822
60,soft,C3,2,60.12320058159555,0.12320058159554748,8.098672866821289,0.06769230769230769,0.020398655788812295,0.07998321127595616,2.3719277381896973,0.0,0.0,0.020363395949421912,7.729447841644287,0.0016065228264778852,3.525983939038288e-05,650,0.3162844181060791
60,soft,C3,3,59.99065761823656,0.009342381763438823,3.2607109546661377,0.08,0.017499795635377697,0.07551825672820991,2.3336358070373535,0.0,0.0,0.017376441541303557,3.3530046939849854,0.001593499444425106,0.00012335409407413997,650,0.3179197311401367
60,soft,C3,4,60.00731673043711,0.007316730437111119,3.6314632892608643,0.06769230769230769,0.017237591033627753,0.07663460752407254,2.485337734222412,0.0,0.0,0.017221900105716146,3.723768711090088,0.0015970292733982205,1.5690927911607422e-05,650,0.2838935852050781
60,adaptive,C0,0,0.0,60.0,52.651092529296875,0.25846153846153846,0.045060597152730864,0.09934105655910418,2.3822734355926514,0.03693853427895981,0.45430381819785093,0.04530288484642017,52.63563537597656,0.0016102391527965665,-0.00024228769368930814,650,0.13094377517700195
60,adaptive,C0,1,0.0,60.0,51.5683479309082,0.24461538461538462,0.0458853371612821,0.09942483482883523,2.590733289718628,0.03733572281959379,0.4533052772469,0.04613004003834184,51.435733795166016,0.001629781094379723,-0.0002447028770597437,650,0.15288949012756348
60,adaptive,C0,2,0.0,60.0,51.54743957519531,0.2553846153846154,0.045903892500007794,0.10029616244898418,2.3719277381896973,0.036135693215339236,0.45607230276784033,0.04615781609598325,51.4625358581543,0.0016065228264778852,-0.0002539235959754596,650,0.15021753311157227
60,adaptive,C0,3,0.0,60.0,51.69110107421875,0.2630769230769231,0.04567009991292023,0.09845143183439885,2.3336358070373535,0.034191829484902306,0.4557562119555255,0.04586286897571239,51.627906799316406,0.001593499444425106,-0.00019276906279215578,650,0.14534282684326172
60,adaptive,C0,4,0.0,60.0,52.579410552978516,0.24,0.044956611429290014,0.09896954303136243,2.485337734222412,0.034955752212389384,0.450611937488232,0.045120749308977554,52.52817916870117,0.0015970292733982205,-0.0001641378796875398,650,0.1667804718017578
60,adaptive,C1,0,0.0,60.0,52.651092529296875,0.25846153846153846,0.045060597152730864,0.09187799019029627,2.3822734355926514,0.02813528883567794,0.45430381819785093,0.04530288484642017,52.63563537597656,0.0016102391527965665,-0.00024228769368930814,650,0.24212121963500977
60,adaptive,C1,1,0.0,60.0,51.5683479309082,0.24461538461538462,0.0458853371612821,0.09322164798526665,2.590733289718628,0.027224334600760455,0.4533052772469,0.04613004003834184,51.435733795166016,0.001629781094379723,-0.0002447028770597437,650,0.2300248146057129
60,adaptive,C1,2,0.0,60.0,51.54743957519531,0.2553846153846154,0.045903892500007794,0.09316854490445901,2.3719277381896973,0.026634744875056113,0.45607230276784033,0.04615781609598325,51.4625358581543,0.0016065228264778852,-0.0002539235959754596,650,0.2616691589355469
60,adaptive,C1,3,0.0,60.0,51.69110107421875,0.2630769230769231,0.04567009991292023,0.0920697786907751,2.3336358070373535,0.02735834952907759,0.4557562119555255,0.04586286897571239,51.627906799316406,0.001593499444425106,-0.00019276906279215578,650,0.2622950077056885
60,adaptive,C1,4,0.0,60.0,52.579410552978516,0.24,0.044956611429290014,0.09261365181999709,2.485337734222412,0.026174095124139995,0.450611937488232,0.045120749308977554,52.52817916870117,0.0015970292733982205,-0.0001641378796875398,650,0.27199435234069824
60,adaptive,C2,0,0.0,60.0,52.651092529296875,0.25846153846153846,0.045060597152730864,0.09766517829936056,2.3822734355926514,0.02813528883567794,0.45430381819785093,0.04530288484642017,52.63563537597656,0.0016102391527965665,-0.00024228769368930814,650,0.3311614990234375
60,adaptive,C2,1,0.0,60.0,51.5683479309082,0.24461538461538462,0.0458853371612821,0.09956290059308458,2.590733289718628,0.027224334600760455,0.4533052772469,0.04613004003834184,51.435733795166016,0.001629781094379723,-0.0002447028770597437,650,0.3324706554412842
60,adaptive,C2,2,0.0,60.0,51.54743957519531,0.2553846153846154,0.045903892500007794,0.09816004629242704,2.3719277381896973,0.026634744875056113,0.45607230276784033,0.04615781609598325,51.4625358581543,0.0016065228264778852,-0.0002539235959754596,650,0.34464240074157715
60,adaptive,C2,3,0.0,60.0,51.69110107421875,0.2630769230769231,0.04567009991292023,0.0960506237655074,2.3336358070373535,0.02735834952907759,0.4557562119555255,0.04586286897571239,51.627906799316406,0.001593499444425106,-0.00019276906279215578,650,0.3226602077484131
60,adaptive,C2,4,0.0,60.0,52.579410552978516,0.24,0.044956611429290014,0.09745261971691084,2.485337734222412,0.026174095124139995,0.450611937488232,0.045120749308977554,52.52817916870117,0.0015970292733982205,-0.0001641378796875398,650,0.34342074394226074
60,adaptive,C3,0,60.0545105888881,0.054510588888099676,5.298715591430664,0.05846153846153846,0.01862283190747946,0.07827228699890272,2.3822734355926514,0.0,0.0,0.018610468346100417,4.837274551391602,0.001610238803550601,1.236356137904182e-05,650,0.3416578769683838
60,adaptive,C3,1,60.06801633052731,0.06801633052730693,8.251734733581543,0.08307692307692308,0.020247996335470926,0.08151217414975766,2.590733289718628,0.0,0.0,0.02022956421669398,8.067124366760254,0.001629781094379723,1.8432118776945394e-05,650,0.3141489028930664
60,adaptive,C3,2,60.12320058159555,0.12320058159554748,8.098672866821289,0.06769230769230769,0.020398655788812295,0.08019120879384593,2.3719277381896973,0.0,0.0,0.020363395949421912,7.729447841644287,0.0016065228264778852,3.525983939038288e-05,650,0.35883212089538574
60,adaptive,C3,3,59.99065761823656,0.009342381763438823,3.2607109546661377,0.08,0.017499795635377697,0.0757224474526157,2.3336358070373535,0.0,0.0,0.017376441541303557,3.3530046939849854,0.001593499444425106,0.00012335409407413997,650,0.3463771343231201
60,adaptive,C3,4,60.00731673043711,0.007316730437111119,3.6314632892608643,0.06769230769230769,0.017237591033627753,0.07683021273938018,2.485337734222412,0.0,0.0,0.017221900105716146,3.723768711090088,0.0015970292733982205,1.5690927911607422e-05,650,0.3457815647125244
75,hard,C0,0,0.0,75.0,56.11263656616211,0.2723076923076923,0.04414587319788698,0.10012263998339928,2.4028730392456055,0.036806883365200764,0.4695281422386321,0.0444245406824121,56.11263656616211,0.0016115488251671195,-0.00027866748452511775,650,0.17072820663452148
75,hard,C0,1,0.0,75.0,56.10800552368164,0.27384615384615385,0.04448488382756303,0.1006227659357164,2.545349359512329,0.037251123956326265,0.46806674552339295,0.044744773368385636,56.10800552368164,0.0016304220771417022,-0.0002598895408226082,650,0.15712666511535645
75,hard,C0,2,0.0,75.0,56.16505432128906,0.2753846153846154,0.04399927678138049,0.10126308828207801,2.3790371417999268,0.034880050505050504,0.4696394686907021,0.04432500826181625,56.16505432128906,0.001607385347597301,-0.0003257314804357564,650,0.17449426651000977
75,hard,C0,3,0.0,75.0,55.7123908996582,0.27384615384615385,0.04404016752627398,0.09851538135941068,2.3398616313934326,0.03301587301587302,0.4697637222828063,0.044281017077398004,55.7123908996582,0.0015945457853376865,-0.00024084955112402273,650,0.18665790557861328
75,hard,C0,4,0.0,75.0,55.95977020263672,0.2753846153846154,0.0437551142144775,0.09935207138310186,2.3237814903259277,0.034003831417624523,0.4669549422345769,0.0439502034918929,55.95977020263672,0.0015964423073455691,-0.00019508927741539867,650,0.14819908142089844
75,hard,C1,0,0.0,75.0,56.11263656616211,0.2723076923076923,0.04414587319788698,0.09161105002617398,2.4028730392456055,0.02042483660130719,0.4695281422386321,0.0444245406824121,56.11263656616211,0.0016115488251671195,-0.00027866748452511775,650,0.1760709285736084
75,hard,C1,1,75.03285888300631,0.03285888300631257,5.448569297790527,0.20615384615384616,0.019052416117305383,0.07472584366299406,2.545349359512329,0.0214168039538715,0.031780748543754324,0.01900752102926628,5.67925500869751,0.0016304218443110585,4.489508803910344e-05,650,0.17004632949829102
75,hard,C1,2,72.624916003599,2.3750839964010027,9.701807022094727,0.2323076923076923,0.01962812540710631,0.08557014154015737,2.3790371417999268,0.01941433425012134,0.03220775113564488,0.019635965265282943,9.586417198181152,0.0016073854640126228,-7.839858176632991e-06,650,0.21265769004821777
75,hard,C1,3,0.0,75.0,55.7123908996582,0.27384615384615385,0.04404016752627398,0.08992858677153785,2.3398616313934326,0.018647640668071997,0.4697637222828063,0.044281017077398004,55.7123908996582,0.0015945457853376865,-0.00024084955112402273,650,0.232680082321167
75,hard,C1,4,74.9940178254768,0.005982174523197159,7.192715644836426,0.09692307692307692,0.01943089830571146,0.07402848702142448,2.3237814903259277,0.020551296688957756,0.0265110566917437,0.0193627950829812,7.192715644836426,0.0015964423073455691,6.810322273026123e-05,650,0.16523075103759766
75,hard,C2,0,0.0,75.0,56.11263656616211,0.2723076923076923,0.04414587319788698,0.09941448823320115,2.4028730392456055,0.02042483660130719,0.4695281422386321,0.0444245406824121,56.11263656616211,0.0016115488251671195,-0.00027866748452511775,650,0.2879171371459961
75,hard,C2,1,75.03285888300631,0.03285888300631257,5.448569297790527,0.20615384615384616,0.019052416117305383,0.08110404447646344,2.545349359512329,0.0214168039538715,0.031780748543754324,0.01900752102926628,5.67925500869751,0.0016304218443110585,4.489508803910344e-05,650,0.26836681365966797
75,hard,C2,2,72.624916003599,2.3750839964010027,9.701807022094727,0.2323076923076923,0.01962812540710631,0.09145431792505049,2.3790371417999268,0.01941433425012134,0.03220775113564488,0.019635965265282943,9.586417198181152,0.0016073854640126228,-7.839858176632991e-06,650,0.27698397636413574
75,hard,C2,3,0.0,75.0,55.7123908996582,0.27384615384615385,0.04404016752627398,0.09721886359699881,2.3398616313934326,0.018647640668071997,0.4697637222828063,0.044281017077398004,55.7123908996582,0.0015945457853376865,-0.00024084955112402273,650,0.2949512004852295
75,hard,C2,4,74.9940178254768,0.005982174523197159,7.192715644836426,0.09692307692307692,0.01943089830571146,0.08031751786916014,2.3237814903259277,0.020551296688957756,0.0265110566917437,0.0193627950829812,7.192715644836426,0.0015964423073455691,6.810322273026123e-05,650,0.27173805236816406
75,hard,C3,0,75.05776344446505,0.05776344446505277,10.072944641113281,0.09692307692307692,0.02333339889499952,0.08695685831237104,2.4028730392456055,0.0,0.0,0.023230983090104927,10.303689956665039,0.0016115490579977632,0.00010241580489459348,650,0.30261683464050293
75,hard,C3,1,91.79624145205356,16.796241452053565,15.1984281539917,0.08615384615384615,0.028605637194633517,0.09718131550889311,2.545349359512329,0.0,0.012498047180128105,0.02857135872067318,15.313800811767578,0.0016304218443110585,3.4278473960338424e-05,650,0.28934502601623535
75,hard,C3,2,57.33090886848384,17.66909113151616,14.530302047729492,0.10307692307692308,0.02332217898410928,0.1055918449169024,2.3790371417999268,0.0,0.013404922086136507,0.023337074424553014,14.510342597961426,0.0016073855804279447,-1.4895440443734448e-05,650,0.2594585418701172
75,hard,C3,3,74.8491300467452,0.1508699532547979,7.357640266418457,0.14461538461538462,0.019723283825111557,0.0800924774890618,2.3398616313934326,0.0,0.008396946564885497,0.019650854190157753,7.011574745178223,0.0015945457853376865,7.242963495380367e-05,650,0.2979698181152344
75,hard,C3,4,74.93729822371849,0.0627017762815143,7.393969535827637,0.09076923076923077,0.020009998381895773,0.08175531541301527,2.3237814903259277,0.0,0.009663114699847772,0.019939999464443595,7.393969535827637,0.0015964423073455691,6.99989174521784e-05,650,0.275784969329834
75,soft,C0,0,0.0,75.0,56.11263656616211,0.2723076923076923,0.04414587319788698,0.10012263998339928,2.4028730392456055,0.036806883365200764,0.4695281422386321,0.0444245406824121,56.11263656616211,0.0016115488251671195,-0.00027866748452511775,650,0.14288091659545898
75,soft,C0,1,0.0,75.0,56.10800552368164,0.27384615384615385,0.04448488382756303,0.1006227659357164,2.545349359512329,0.037251123956326265,0.46806674552339295,0.044744773368385636,56.10800552368164,0.0016304220771417022,-0.0002598895408226082,650,0.14123153686523438
75,soft,C0,2,0.0,75.0,56.16505432128906,0.2753846153846154,0.04399927678138049,0.10126308828207801,2.3790371417999268,0.034880050505050504,0.4696394686907021,0.04432500826181625,56.16505432128906,0.001607385347597301,-0.0003257314804357564,650,0.14963245391845703
75,soft,C0,3,0.0,75.0,55.7123908996582,0.27384615384615385,0.04404016752627398,0.09851538135941068,2.3398616313934326,0.03301587301587302,0.4697637222828063,0.044281017077398004,55.7123908996582,0.0015945457853376865,-0.00024084955112402273,650,0.11342215538024902
75,soft,C0,4,0.0,75.0,55.95977020263672,0.2753846153846154,0.0437551142144775,0.09935207138310186,2.3237814903259277,0.034003831417624523,0.4669549422345769,0.0439502034918929,55.95977020263672,0.0015964423073455691,-0.00019508927741539867,650,0.1645650863647461
75,soft,C1,0,0.0,75.0,56.11263656616211,0.2723076923076923,0.04414587319788698,0.0913524538122893,2.4028730392456055,0.02399870277282309,0.4695281422386321,0.0444245406824121,56.11263656616211,0.0016115488251671195,-0.00027866748452511775,650,0.23317790031433105
75,soft,C1,1,0.0,75.0,56.10800552368164,0.27384615384615385,0.04448488382756303,0.09289682726953916,2.545349359512329,0.024254342838413635,0.46806674552339295,0.044744773368385636,56.10800552368164,0.0016304220771417022,-0.0002598895408226082,650,0.19063496589660645
75,soft,C1,2,0.0,75.0,56.16505432128906,0.2753846153846154,0.04399927678138049,0.09240246928609822,2.3790371417999268,0.02388586085283745,0.4696394686907021,0.04432500826181625,56.16505432128906,0.001607385347597301,-0.0003257314804357564,650,0.22368693351745605
75,soft,C1,3,0.0,75.0,55.7123908996582,0.27384615384615385,0.04404016752627398,0.08984959040582495,2.3398616313934326,0.022873711340206184,0.4697637222828063,0.044281017077398004,55.7123908996582,0.0015945457853376865,-0.00024084955112402273,650,0.20623207092285156
75,soft,C1,4,0.0,75.0,55.95977020263672,0.2753846153846154,0.0437551142144775,0.09170210070532334,2.3237814903259277,0.023844282238442822,0.4669549422345769,0.0439502034918929,55.95977020263672,0.0015964423073455691,-0.00019508927741539867,650,0.21350455284118652
75,soft,C2,0,0.0,75.0,56.11263656616211,0.2723076923076923,0.04414587319788698,0.09951060467607649,2.4028730392456055,0.02399870277282309,0.4695281422386321,0.0444245406824121,56.11263656616211,0.0016115488251671195,-0.00027866748452511775,650,0.2909364700317383
75,soft,C2,1,0.0,75.0,56.10800552368164,0.27384615384615385,0.04448488382756303,0.10084670075150437,2.545349359512329,0.024254342838413635,0.46806674552339295,0.044744773368385636,56.10800552368164,0.0016304220771417022,-0.0002598895408226082,650,0.27213096618652344
75,soft,C2,2,0.0,75.0,56.16505432128906,0.2753846153846154,0.04399927678138049,0.10009483411628158,2.3790371417999268,0.02388586085283745,0.4696394686907021,0.04432500826181625,56.16505432128906,0.001607385347597301,-0.0003257314804357564,650,0.2882730960845947
75,soft,C2,3,0.0,75.0,55.7123908996582,0.27384615384615385,0.04404016752627398,0.09725357447617843,2.3398616313934326,0.022873711340206184,0.4697637222828063,0.044281017077398004,55.7123908996582,0.0015945457853376865,-0.00024084955112402273,650,0.28551673889160156
75,soft,C2,4,0.0,75.0,55.95977020263672,0.2753846153846154,0.0437551142144775,0.0985636560783352,2.3237814903259277,0.023844282238442822,0.4669549422345769,0.0439502034918929,55.95977020263672,0.0015964423073455691,-0.00019508927741539867,650,0.29053330421447754
75,soft,C3,0,75.05776344446505,0.05776344446505277,10.072944641113281,0.09692307692307692,0.02333339889499952,0.08721258569625608,2.4028730392456055,0.0,0.0,0.023230983090104927,10.303689956665039,0.0016115490579977632,0.00010241580489459348,650,0.2928605079650879
75,soft,C3,1,83.54088162687776,8.540881626877763,14.76868724822998,0.09538461538461539,0.028836571516138824,0.09748673802289426,2.545349359512329,0.0,0.005624121231057647,0.028801892712022117,14.884060859680176,0.0016304218443110585,3.467880411670704e-05,650,0.29788947105407715
75,soft,C3,2,75.09511575586832,0.09511575586832066,16.904159545898438,0.10461538461538461,0.029584040308825575,0.09858533848907594,2.3790371417999268,0.0,0.0,0.02962106447842012,16.67339324951172,0.0016073854640126228,-3.7024169594543355e-05,650,0.3147439956665039
75,soft,C3,3,74.97423486383302,0.025765136166981506,7.405935287475586,0.14461538461538462,0.019815012351863892,0.08032262230346607,2.3398616313934326,0.0,0.004231188658669575,0.019737279792532772,7.059869289398193,0.0015945457853376865,7.773255933112011e-05,650,0.31345176696777344
75,soft,C3,4,75.00445485382764,0.004454853827638772,7.412251949310303,0.09076923076923077,0.02002103298191017,0.08202026112868516,2.3237814903259277,0.0,0.0,0.01995108826322646,7.412251949310303,0.0015964423073455691,6.994471868370863e-05,650,0.3084583282470703
75,adaptive,C0,0,0.0,75.0,56.11263656616211,0.2723076923076923,0.04414587319788698,0.10012263998339928,2.4028730392456055,0.036806883365200764,0.4695281422386321,0.0444245406824121,56.11263656616211,0.0016115488251671195,-0.00027866748452511775,650,0.113555908203125
75,adaptive,C0,1,0.0,75.0,56.10800552368164,0.27384615384615385,0.04448488382756303,0.1006227659357164,2.545349359512329,0.037251123956326265,0.46806674552339295,0.044744773368385636,56.10800552368164,0.0016304220771417022,-0.0002598895408226082,650,0.19101858139038086
75,adaptive,C0,2,0.0,75.0,56.16505432128906,0.2753846153846154,0.04399927678138049,0.10126308828207801,2.3790371417999268,0.034880050505050504,0.4696394686907021,0.04432500826181625,56.16505432128906,0.001607385347597301,-0.0003257314804357564,650,0.19011855125427246
75,adaptive,C0,3,0.0,75.0,55.7123908996582,0.27384615384615385,0.04404016752627398,0.09851538135941068,2.3398616313934326,0.03301587301587302,0.4697637222828063,0.044281017077398004,55.7123908996582,0.0015945457853376865,-0.00024084955112402273,650,0.11940455436706543
75,adaptive,C0,4,0.0,75.0,55.95977020263672,0.2753846153846154,0.0437551142144775,0.09935207138310186,2.3237814903259277,0.034003831417624523,0.4669549422345769,0.0439502034918929,55.95977020263672,0.0015964423073455691,-0.00019508927741539867,650,0.16721582412719727
75,adaptive,C1,0,0.0,75.0,56.11263656616211,0.2723076923076923,0.04414587319788698,0.09129766509706055,2.4028730392456055,0.023380418899171942,0.4695281422386321,0.0444245406824121,56.11263656616211,0.0016115488251671195,-0.00027866748452511775,650,0.20627617835998535
75,adaptive,C1,1,0.0,75.0,56.10800552368164,0.27384615384615385,0.04448488382756303,0.09279712150958888,2.545349359512329,0.02567037279267495,0.46806674552339295,0.044744773368385636,56.10800552368164,0.0016304220771417022,-0.0002598895408226082,650,0.20707201957702637
75,adaptive,C1,2,0.0,75.0,56.16505432128906,0.2753846153846154,0.04399927678138049,0.09239396552220373,2.3790371417999268,0.023905021658912243,0.4696394686907021,0.04432500826181625,56.16505432128906,0.001607385347597301,-0.0003257314804357564,650,0.2264552116394043
75,adaptive,C1,3,0.0,75.0,55.7123908996582,0.27384615384615385,0.04404016752627398,0.08988646799132297,2.3398616313934326,0.021644322403488937,0.4697637222828063,0.044281017077398004,55.7123908996582,0.0015945457853376865,-0.00024084955112402273,650,0.26207828521728516
75,adaptive,C1,4,0.0,75.0,55.95977020263672,0.2753846153846154,0.0437551142144775,0.09173710219662853,2.3237814903259277,0.022283669486011713,0.4669549422345769,0.0439502034918929,55.95977020263672,0.0015964423073455691,-0.00019508927741539867,650,0.23090744018554688
75,adaptive,C2,0,0.0,75.0,56.11263656616211,0.2723076923076923,0.04414587319788698,0.09994886713396353,2.4028730392456055,0.023380418899171942,0.4695281422386321,0.0444245406824121,56.11263656616211,0.0016115488251671195,-0.00027866748452511775,650,0.31908178329467773
75,adaptive,C2,1,0.0,75.0,56.10800552368164,0.27384615384615385,0.04448488382756303,0.10089482477376174,2.545349359512329,0.02567037279267495,0.46806674552339295,0.044744773368385636,56.10800552368164,0.0016304220771417022,-0.0002598895408226082,650,0.33046793937683105
75,adaptive,C2,2,0.0,75.0,56.16505432128906,0.2753846153846154,0.04399927678138049,0.10021204845480416,2.3790371417999268,0.023905021658912243,0.4696394686907021,0.04432500826181625,56.16505432128906,0.001607385347597301,-0.0003257314804357564,650,0.32666707038879395
75,adaptive,C2,3,0.0,75.0,55.7123908996582,0.27384615384615385,0.04404016752627398,0.09745656625622354,2.3398616313934326,0.021644322403488937,0.4697637222828063,0.044281017077398004,55.7123908996582,0.0015945457853376865,-0.00024084955112402273,650,0.3228456974029541
75,adaptive,C2,4,0.0,75.0,55.95977020263672,0.2753846153846154,0.0437551142144775,0.09875630744061427,2.3237814903259277,0.022283669486011713,0.4669549422345769,0.0439502034918929,55.95977020263672,0.0015964423073455691,-0.00019508927741539867,650,0.3166520595550537
75,adaptive,C3,0,75.05776344446505,0.05776344446505277,10.072944641113281,0.09692307692307692,0.02333339889499952,0.08747166948354146,2.4028730392456055,0.0,0.0,0.023230983090104927,10.303689956665039,0.0016115490579977632,0.00010241580489459348,650,0.33280301094055176
75,adaptive,C3,1,75.06316426527827,0.06316426527827446,17.35112762451172,0.10923076923076923,0.030888304127464843,0.09877921438954941,2.545349359512329,0.0,0.0,0.03083980948936511,17.466501235961914,0.0016304218443110585,4.8494638099732396e-05,650,0.32996582984924316
75,adaptive,C3,2,69.53203350414888,5.467966495851115,13.189170837402344,0.09076923076923077,0.025589478057873115,0.09819647982266265,2.3790371417999268,0.0,0.00557759760795814,0.02562192341464939,12.958407402038574,0.0016073855804279447,-3.244535677627419e-05,650,0.3311433792114258
75,adaptive,C3,3,74.97423486383302,0.025765136166981506,7.405935287475586,0.14461538461538462,0.019815012351863892,0.08040663626869611,2.3398616313934326,0.0,0.004231188658669575,0.019737279792532772,7.059869289398193,0.0015945457853376865,7.773255933112011e-05,650,0.3524634838104248
75,adaptive,C3,4,75.01910543288865,0.019105432888650853,7.408995628356934,0.09076923076923077,0.020020110663718026,0.08218162348114003,2.3237814903259277,0.0,0.004191762084408851,0.019950270576505006,7.408995628356934,0.0015964423073455691,6.984008721301962e-05,650,0.30310869216918945
90,hard,C0,0,0.0,90.0,64.05167388916016,0.24,0.043986924534846476,0.09765380435392737,2.76193904876709,0.03748391248391248,0.47132625856030114,0.044379599262741515,64.05167388916016,0.0016116941114887595,-0.0003926747278950385,650,0.17659354209899902
90,hard,C0,1,0.0,90.0,63.44461441040039,0.24461538461538462,0.04442185947824483,0.09874413353727253,3.001518487930298,0.036640726329442284,0.4699069333515371,0.04468862124950608,63.44461441040039,0.0016299773706123233,-0.00026676177126125356,650,0.18284034729003906
90,hard,C0,2,0.0,90.0,64.5195083618164,0.23846153846153847,0.04381782931741611,0.098685107792913,2.7554759979248047,0.0345761631612492,0.47141821058877825,0.04421816559692117,64.5195083618164,0.0016078882617875934,-0.0004003362795050591,650,0.1863858699798584
90,hard,C0,3,0.0,90.0,63.806129455566406,0.24,0.04397539261487758,0.09642325632482476,2.5192127227783203,0.03468208092485549,0.4719054314430037,0.04425264411851093,63.806129455566406,0.0015944994520395994,-0.0002772515036333495,650,0.16086149215698242
90,hard,C0,4,0.0,90.0,63.838497161865234,0.24307692307692308,0.04417851889432505,0.09741351538250946,2.565187931060791,0.034427284427284426,0.46843610673397906,0.044388804825574696,63.838497161865234,0.0015963668702170253,-0.0002102859312496444,650,0.18934392929077148
90,hard,C1,0,90.08772072073921,0.08772072073921322,0.04470200836658478,0.18153846153846154,0.02444018288995333,0.09152782054932469,2.76193904876709,0.0195558501823003,0.028117368542900457,0.02469318971290072,0.04470200836658478,0.0016116941114887595,-0.0002530068229473874,650,0.17802000045776367
90,hard,C1,1,87.49568051222768,2.504319487772321,1.928276538848877,0.010769230769230769,0.026159176453000282,0.09312956175771929,3.001518487930298,0.02165944685104965,0.03486775737441312,0.02650994267843434,1.928276538848877,0.0016299774870276451,-0.0003507662254340592,650,0.17139863967895508
90,hard,C1,2,83.02531473409961,6.974685265900391,10.643475532531738,0.2553846153846154,0.028033425930595303,0.09626582310335412,2.7554759979248047,0.01852762747991474,0.03294433089382651,0.028246968887396837,10.700560569763184,0.0016078883782029152,-0.00021354295680153443,650,0.15004634857177734
90,hard,C1,3,89.9735339965307,0.026466003469295174,0.012094436213374138,0.12461538461538461,0.02515950886480952,0.08934307046632169,2.5192127227783203,0.018610013175230568,0.024311677490868242,0.025375337175712706,0.012094436213374138,0.0015944994520395994,-0.00021582831090318638,650,0.14176654815673828
90,hard,C1,4,89.99876655315065,0.0012334468493548911,0.03956468030810356,0.012307692307692308,0.025289985965495712,0.09074843529976884,2.565187931060791,0.019620774938169827,0.026713367138899054,0.02553088174841813,0.03956468030810356,0.0015963667538017035,-0.00024089578292241925,650,0.20975542068481445
90,hard,C2,0,90.08772072073921,0.08772072073921322,0.04470200836658478,0.18153846153846154,0.02444018288995333,0.09538127469365124,2.76193904876709,0.0195558501823003,0.028117368542900457,0.02469318971290072,0.04470200836658478,0.0016116941114887595,-0.0002530068229473874,650,0.23030924797058105
90,hard,C2,1,87.49568051222768,2.504319487772321,1.928276538848877,0.010769230769230769,0.026159176453000282,0.09629622809272928,3.001518487930298,0.02165944685104965,0.03486775737441312,0.02650994267843434,1.928276538848877,0.0016299774870276451,-0.0003507662254340592,650,0.2655825614929199
90,hard,C2,2,83.02531473409961,6.974685265900391,10.643475532531738,0.2553846153846154,0.028033425930595303,0.11405375507684937,2.7554759979248047,0.01852762747991474,0.03294433089382651,0.028246968887396837,10.700560569763184,0.0016078883782029152,-0.00021354295680153443,650,0.2699713706970215
90,hard,C2,3,89.9735339965307,0.026466003469295174,0.012094436213374138,0.12461538461538461,0.02515950886480952,0.09337215687712293,2.5192127227783203,0.018610013175230568,0.024311677490868242,0.025375337175712706,0.012094436213374138,0.0015944994520395994,-0.00021582831090318638,650,0.28344297409057617
90,hard,C2,4,89.99876655315065,0.0012334468493548911,0.03956468030810356,0.012307692307692308,0.025289985965495712,0.09484365811232401,2.565187931060791,0.019620774938169827,0.026713367138899054,0.02553088174841813,0.03956468030810356,0.0015963667538017035,-0.00024089578292241925,650,0.26953125
90,hard,C3,0,94.215201249963,4.215201249963002,11.6668701171875,0.13076923076923078,0.033051305991095396,0.10435749098229954,2.76193904876709,0.0,0.011373904990926267,0.03330383115768373,11.484737396240234,0.0016116939950734377,-0.00025252516658833685,650,0.30063557624816895
90,hard,C3,1,96.31404810221957,6.314048102219573,8.775453567504883,0.010769230769230769,0.03323866316668722,0.10686476426028996,3.001518487930298,0.0,0.015511108077153541,0.03354301055841771,8.775453567504883,0.001629977603442967,-0.00030434739173049175,650,0.281644344329834
90,hard,C3,2,65.34951199967232,24.650488000327684,21.326112747192383,0.11846153846153847,0.030600168348489467,0.11569179434736837,2.7554759979248047,0.0,0.01640989575320689,0.03078343248981736,21.411741256713867,0.0016078881453722715,-0.0001832641413278928,650,0.28400135040283203
90,hard,C3,3,89.97340791816201,0.026592081837989667,0.012094436213374138,0.12461538461538461,0.02515967900373047,0.09337213619581017,2.5192127227783203,0.0,0.01000587705790018,0.025375459883340452,0.012094436213374138,0.0015944994520395994,-0.00021578087960998082,650,0.2905697822570801
90,hard,C3,4,89.99557773765508,0.0044222623449172715,0.036490295082330704,0.012307692307692308,0.02528745561096927,0.09484395383807252,2.565187931060791,0.0,0.009835477920584304,0.02553050768966381,0.036490295082330704,0.0015963667538017035,-0.000243052078694541,650,0.29900550842285156
90,soft,C0,0,0.0,90.0,64.05167388916016,0.24,0.043986924534846476,0.09765380435392737,2.76193904876709,0.03748391248391248,0.47132625856030114,0.044379599262741515,64.05167388916016,0.0016116941114887595,-0.0003926747278950385,650,0.15773248672485352
90,soft,C0,1,0.0,90.0,63.44461441040039,0.24461538461538462,0.04442185947824483,0.09874413353727253,3.001518487930298,0.036640726329442284,0.4699069333515371,0.04468862124950608,63.44461441040039,0.0016299773706123233,-0.00026676177126125356,650,0.16298675537109375
90,soft,C0,2,0.0,90.0,64.5195083618164,0.23846153846153847,0.04381782931741611,0.098685107792913,2.7554759979248047,0.0345761631612492,0.47141821058877825,0.04421816559692117,64.5195083618164,0.0016078882617875934,-0.0004003362795050591,650,0.13502120971679688
90,soft,C0,3,0.0,90.0,63.806129455566406,0.24,0.04397539261487758,0.09642325632482476,2.5192127227783203,0.03468208092485549,0.4719054314430037,0.04425264411851093,63.806129455566406,0.0015944994520395994,-0.0002772515036333495,650,0.14561009407043457
90,soft,C0,4,0.0,90.0,63.838497161865234,0.24307692307692308,0.04417851889432505,0.09741351538250946,2.565187931060791,0.034427284427284426,0.46843610673397906,0.044388804825574696,63.838497161865234,0.0015963668702170253,-0.0002102859312496444,650,0.14666461944580078
90,soft,C1,0,0.0,90.0,64.05167388916016,0.24,0.043986924534846476,0.0931193532277029,2.76193904876709,0.023324572930354795,0.47132625856030114,0.044379599262741515,64.05167388916016,0.0016116941114887595,-0.0003926747278950385,650,0.22620916366577148
90,soft,C1,1,0.0,90.0,63.44461441040039,0.24461538461538462,0.04442185947824483,0.09436883291413461,3.001518487930298,0.02388455796981257,0.4699069333515371,0.04468862124950608,63.44461441040039,0.0016299773706123233,-0.00026676177126125356,650,0.2367846965789795
90,soft,C1,2,0.0,90.0,64.5551528930664,0.23846153846153847,0.043897192811285186,0.09387151292643878,2.7554759979248047,0.019259017463685326,0.4704805022600236,0.04429298602729993,64.5551528930664,0.0016078882617875934,-0.0003957932160147462,650,0.23443222045898438
90,soft,C1,3,89.97361127806165,0.026388721938346293,0.012094436213374138,0.12461538461538461,0.0251595223175785,0.08926638529105244,2.5192127227783203,0.018722286089669898,0.022898207869306134,0.025375351993565366,0.012094436213374138,0.0015944994520395994,-0.0002158296759868679,650,0.2153301239013672
90,soft,C1,4,0.0,90.0,63.838497161865234,0.24307692307692308,0.04417851889432505,0.0938914952441092,2.565187931060791,0.02167131833853226,0.46843610673397906,0.044388804825574696,63.838497161865234,0.0015963668702170253,-0.0002102859312496444,650,0.24161195755004883
90,soft,C2,0,0.0,90.0,64.05167388916016,0.24,0.043986924534846476,0.0977092146675682,2.76193904876709,0.023324572930354795,0.47132625856030114,0.044379599262741515,64.05167388916016,0.0016116941114887595,-0.0003926747278950385,650,0.3013942241668701
90,soft,C2,1,0.0,90.0,63.44461441040039,0.24461538461538462,0.04442185947824483,0.09959585205028701,3.001518487930298,0.02388455796981257,0.4699069333515371,0.04468862124950608,63.44461441040039,0.0016299773706123233,-0.00026676177126125356,650,0.29351282119750977
90,soft,C2,2,0.0,90.0,64.5551528930664,0.23846153846153847,0.043897192811285186,0.09796701378856422,2.7554759979248047,0.019259017463685326,0.4704805022600236,0.04429298602729993,64.5551528930664,0.0016078882617875934,-0.0003957932160147462,650,0.29155540466308594
90,soft,C2,3,89.97361127806165,0.026388721938346293,0.012094436213374138,0.12461538461538461,0.0251595223175785,0.0934827354683564,2.5192127227783203,0.018722286089669898,0.022898207869306134,0.025375351993565366,0.012094436213374138,0.0015944994520395994,-0.0002158296759868679,650,0.24018192291259766
90,soft,C2,4,0.0,90.0,63.838497161865234,0.24307692307692308,0.04417851889432505,0.09731263330710722,2.565187931060791,0.02167131833853226,0.46843610673397906,0.044388804825574696,63.838497161865234,0.0015963668702170253,-0.0002102859312496444,650,0.2797658443450928
90,soft,C3,0,90.05772471987562,0.057724719875622554,9.580846786499023,0.1476923076923077,0.033136429602253485,0.10455939449807106,2.76193904876709,0.0,0.0,0.03333777052280695,9.719161987304688,0.0016116939950734377,-0.00020134092055346803,650,0.3033430576324463
90,soft,C3,1,90.15845083901847,0.1584508390184709,9.366243362426758,0.10153846153846154,0.0344114789498535,0.10505585314066695,3.001518487930298,0.0,0.007129800289742948,0.034656954921631254,9.642830848693848,0.001629977603442967,-0.00024547597177775743,650,0.2928342819213867
90,soft,C3,2,76.17200383455103,13.827996165448965,10.720467567443848,0.06153846153846154,0.02785764475770274,0.09859414186546156,2.7554759979248047,0.0,0.011274477484011341,0.02811500612586714,10.74901008605957,0.0016078882617875934,-0.00025736136816439936,650,0.3005340099334717
90,soft,C3,3,89.97348519969304,0.02651480030695552,0.012094436213374138,0.12461538461538461,0.025159692456499454,0.09348268735805704,2.5192127227783203,0.0,0.008592407436338071,0.025375474701193113,0.012094436213374138,0.0015944994520395994,-0.00021578224469365886,650,0.30267834663391113
90,soft,C3,4,89.99557773765508,0.0044222623449172715,0.036490295082330704,0.012307692307692308,0.02528745561096927,0.0948896444754938,2.565187931060791,0.0,0.009813073642860878,0.02553050768966381,0.036490295082330704,0.0015963667538017035,-0.000243052078694541,650,0.3219614028930664
90,adaptive,C0,0,0.0,90.0,64.05167388916016,0.24,0.043986924534846476,0.09765380435392737,2.76193904876709,0.03748391248391248,0.47132625856030114,0.044379599262741515,64.05167388916016,0.0016116941114887595,-0.0003926747278950385,650,0.1632223129272461
90,adaptive,C0,1,0.0,90.0,63.44461441040039,0.24461538461538462,0.04442185947824483,0.09874413353727253,3.001518487930298,0.036640726329442284,0.4699069333515371,0.04468862124950608,63.44461441040039,0.0016299773706123233,-0.00026676177126125356,650,0.19209504127502441
90,adaptive,C0,2,0.0,90.0,64.5195083618164,0.23846153846153847,0.04381782931741611,0.098685107792913,2.7554759979248047,0.0345761631612492,0.47141821058877825,0.04421816559692117,64.5195083618164,0.0016078882617875934,-0.0004003362795050591,650,0.1605088710784912
90,adaptive,C0,3,0.0,90.0,63.806129455566406,0.24,0.04397539261487758,0.09642325632482476,2.5192127227783203,0.03468208092485549,0.4719054314430037,0.04425264411851093,63.806129455566406,0.0015944994520395994,-0.0002772515036333495,650,0.1739201545715332
90,adaptive,C0,4,0.0,90.0,63.838497161865234,0.24307692307692308,0.04417851889432505,0.09741351538250946,2.565187931060791,0.034427284427284426,0.46843610673397906,0.044388804825574696,63.838497161865234,0.0015963668702170253,-0.0002102859312496444,650,0.1184988021850586
90,adaptive,C1,0,0.0,90.0,64.05167388916016,0.24,0.043986924534846476,0.09305242318732981,2.76193904876709,0.02523349172538096,0.47132625856030114,0.044379599262741515,64.05167388916016,0.0016116941114887595,-0.0003926747278950385,650,0.22426652908325195
90,adaptive,C1,1,0.0,90.0,63.44461441040039,0.24461538461538462,0.04442185947824483,0.09425846585084163,3.001518487930298,0.02657204159102162,0.4699069333515371,0.04468862124950608,63.44461441040039,0.0016299773706123233,-0.00026676177126125356,650,0.25889086723327637
90,adaptive,C1,2,0.0,90.0,64.5195083618164,0.23846153846153847,0.04381782931741611,0.0938640074008864,2.7554759979248047,0.021940516821062895,0.47141821058877825,0.04421816559692117,64.5195083618164,0.0016078882617875934,-0.0004003362795050591,650,0.24593710899353027
90,adaptive,C1,3,0.0,90.0,63.806129455566406,0.24,0.04397539261487758,0.09281496199531265,2.5192127227783203,0.02050524934383202,0.4719054314430037,0.04425264411851093,63.806129455566406,0.0015944994520395994,-0.0002772515036333495,650,0.23913979530334473
90,adaptive,C1,4,0.0,90.0,63.838497161865234,0.24307692307692308,0.04417851889432505,0.09389000423317971,2.565187931060791,0.02214566929133858,0.46843610673397906,0.044388804825574696,63.838497161865234,0.0015963668702170253,-0.0002102859312496444,650,0.213287353515625
90,adaptive,C2,0,0.0,90.0,64.05167388916016,0.24,0.043986924534846476,0.09802704892645185,2.76193904876709,0.02523349172538096,0.47132625856030114,0.044379599262741515,64.05167388916016,0.0016116941114887595,-0.0003926747278950385,650,0.3125166893005371
90,adaptive,C2,1,0.0,90.0,63.44461441040039,0.24461538461538462,0.04442185947824483,0.09949979858434503,3.001518487930298,0.02657204159102162,0.4699069333515371,0.04468862124950608,63.44461441040039,0.0016299773706123233,-0.00026676177126125356,650,0.31535816192626953
90,adaptive,C2,2,0.0,90.0,64.5195083618164,0.23846153846153847,0.04381782931741611,0.09802679748776047,2.7554759979248047,0.021940516821062895,0.47141821058877825,0.04421816559692117,64.5195083618164,0.0016078882617875934,-0.0004003362795050591,650,0.32747602462768555
90,adaptive,C2,3,0.0,90.0,63.806129455566406,0.24,0.04397539261487758,0.09591773009100275,2.5192127227783203,0.02050524934383202,0.4719054314430037,0.04425264411851093,63.806129455566406,0.0015944994520395994,-0.0002772515036333495,650,0.32715439796447754
90,adaptive,C2,4,0.0,90.0,63.838497161865234,0.24307692307692308,0.04417851889432505,0.09753994469594887,2.565187931060791,0.02214566929133858,0.46843610673397906,0.044388804825574696,63.838497161865234,0.0015963668702170253,-0.0002102859312496444,650,0.3187994956970215
90,adaptive,C3,0,90.05772471987562,0.057724719875622554,9.580846786499023,0.1476923076923077,0.033136429602253485,0.10467143101573081,2.76193904876709,0.0,0.0,0.03333777052280695,9.719161987304688,0.0016116939950734377,-0.00020134092055346803,650,0.33332276344299316
90,adaptive,C3,1,90.06237994325038,0.06237994325037732,9.301419258117676,0.10153846153846154,0.034353116639837235,0.10507486797505734,3.001518487930298,0.0,0.0,0.034591541967264244,9.57790756225586,0.001629977603442967,-0.00023842532742700956,650,0.31386423110961914
90,adaptive,C3,2,90.09318645303368,0.093186453033681,7.792907238006592,0.0876923076923077,0.03394741792623984,0.10467593315712148,2.7554759979248047,0.0,0.0,0.03422302519950076,6.963840961456299,0.0016078882617875934,-0.000275607273260918,650,0.33062195777893066
90,adaptive,C3,3,89.97138063240358,0.02861936759641992,0.01481260173022747,0.12461538461538461,0.02515931852581285,0.09359970464425532,2.5192127227783203,0.0,0.0043296806302586645,0.02537506661485604,0.01481260173022747,0.0015944994520395994,-0.00021574808904318774,650,0.32962489128112793
90,adaptive,C3,4,90.02308984364792,0.023089843647923658,0.028181714937090874,0.012307692307692308,0.02529118929749386,0.09485933000410621,2.565187931060791,0.0,0.004256812767451065,0.02553443269480032,0.028181714937090874,0.0015963667538017035,-0.0002432433973064592,650,0.3251020908355713
105,hard,C0,0,0.0,105.0,71.94813537597656,0.23384615384615384,0.04537621828331222,0.0963656743094209,2.633685827255249,0.036647546207775654,0.4695281422386321,0.045753283670612044,71.94813537597656,0.0016127745620906353,-0.00037706538729982697,650,0.16037726402282715
105,hard,C0,1,0.0,105.0,72.51972961425781,0.23384615384615384,0.04589638360869007,0.09747353722052163,2.5193796157836914,0.0367694283879255,0.46806674552339295,0.04610734925462941,72.51972961425781,0.0016302914591506124,-0.0002109656459393372,650,0.11577677726745605
105,hard,C0,2,0.0,105.0,72.13922882080078,0.2323076923076923,0.045201760985816755,0.09755250193736519,2.3870434761047363,0.034564393939393936,0.4696394686907021,0.045577245275450054,72.13922882080078,0.0016084254020825028,-0.00037548428963329883,650,0.16281795501708984
105,hard,C0,3,0.0,105.0,71.33592987060547,0.2353846153846154,0.0452781378575189,0.09551355213635486,2.1672542095184326,0.03428571428571429,0.4697637222828063,0.0455644297389197,71.33592987060547,0.0015948308864608407,-0.0002862918814008006,650,0.16846704483032227
105,hard,C0,4,0.0,105.0,71.52452087402344,0.2353846153846154,0.045607947556662996,0.09668352251340227,2.454789638519287,0.034482758620689655,0.4669549422345769,0.045854703162041204,71.52452087402344,0.0015973302070051432,-0.0002467556053782072,650,0.1831650733947754
105,hard,C1,0,0.0,105.0,71.94813537597656,0.23384615384615384,0.04537621828331222,0.09140861012764466,2.633685827255249,0.02089795918367347,0.4695281422386321,0.045753283670612044,71.94813537597656,0.0016127745620906353,-0.00037706538729982697,650,0.21201157569885254
105,hard,C1,1,13.406468097571635,91.59353190242837,72.76751708984375,0.23384615384615384,0.045902171404974795,0.09608426420909792,2.5193796157836914,0.0225217820154529,0.46706987747450174,0.04610508378597212,72.76751708984375,0.0016302915755659342,-0.0002029123809973235,650,0.17424726486206055
105,hard,C1,2,104.94695354846885,0.05304645153114507,0.1710089147090912,0.09538461538461539,0.01849682546145956,0.07640864821540154,2.3870434761047363,0.020042023597866495,0.03125898453222931,0.018471122943334778,0.1710089147090912,0.0016084254020825028,2.5702518124781637e-05,650,0.1886446475982666
105,hard,C1,3,104.97068677483531,0.029313225164685264,0.01200835406780243,0.027692307692307693,0.018355951918353947,0.0743719874513656,2.1672542095184326,0.018037049073773157,0.022639040348964013,0.018307269368683023,0.01200835406780243,0.0015948308864608407,4.868254967092464e-05,650,0.18763422966003418
105,hard,C1,4,104.97731692358802,0.02268307641197964,0.1554524302482605,0.027692307692307693,0.018508230715768376,0.07639549471538272,2.454789638519287,0.020444880601897284,0.027871540877034293,0.018515219543032396,0.1554524302482605,0.0015973302070051432,-6.988827264020614e-06,650,0.14583659172058105
105,hard,C2,0,0.0,105.0,71.94813537597656,0.23384615384615384,0.04537621828331222,0.09660077004200834,2.633685827255249,0.02089795918367347,0.4695281422386321,0.045753283670612044,71.94813537597656,0.0016127745620906353,-0.00037706538729982697,650,0.24442386627197266
105,hard,C2,1,13.406468097571635,91.59353190242837,72.76751708984375,0.23384615384615384,0.045902171404974795,0.10123869724830774,2.5193796157836914,0.0225217820154529,0.46706987747450174,0.04610508378597212,72.76751708984375,0.0016302915755659342,-0.0002029123809973235,650,0.2838437557220459
105,hard,C2,2,104.94695354846885,0.05304645153114507,0.1710089147090912,0.09538461538461539,0.01849682546145956,0.08314326977292492,2.3870434761047363,0.020042023597866495,0.03125898453222931,0.018471122943334778,0.1710089147090912,0.0016084254020825028,2.5702518124781637e-05,650,0.27375197410583496
105,hard,C2,3,104.97068677483531,0.029313225164685264,0.01200835406780243,0.027692307692307693,0.018355951918353947,0.08049342355195914,2.1672542095184326,0.018037049073773157,0.022639040348964013,0.018307269368683023,0.01200835406780243,0.0015948308864608407,4.868254967092464e-05,650,0.2445838451385498
105,hard,C2,4,104.97731692358802,0.02268307641197964,0.1554524302482605,0.027692307692307693,0.018508230715768376,0.08260199808166427,2.454789638519287,0.020444880601897284,0.027871540877034293,0.018515219543032396,0.1554524302482605,0.0015973302070051432,-6.988827264020614e-06,650,0.26704955101013184
105,hard,C3,0,106.89157324193121,1.8915732419312121,3.1902215480804443,0.08,0.018937913307267483,0.08419164349420502,2.633685827255249,0.0,0.005626249972528076,0.01890786280955027,3.1902215480804443,0.0016127742128446698,3.005049771721141e-05,650,0.29557180404663086
105,hard,C3,1,102.7282402783035,2.2717597216964975,2.1256906986236572,0.02923076923076923,0.01898396389309606,0.084201463213624,2.5193796157836914,0.0,0.008384106650002604,0.019012009506784503,2.1256906986236572,0.0016302915755659342,-2.804561368844466e-05,650,0.2595479488372803
105,hard,C3,2,100.13659258696802,4.863407413031979,3.3588650226593018,0.05384615384615385,0.018466632891034944,0.08293549124132002,2.3870434761047363,0.0,0.012398654476453337,0.01845323368404472,3.411658763885498,0.0016084255184978247,1.3399206990224316e-05,650,0.28826093673706055
105,hard,C3,3,104.97043578416532,0.029564215834682273,0.01200835406780243,0.027692307692307693,0.018356107944929735,0.08049355970377303,2.1672542095184326,0.0,0.008396946564885497,0.018307436196227905,0.01200835406780243,0.0015948308864608407,4.867174870182983e-05,650,0.2958080768585205
105,hard,C3,4,104.96420176515802,0.03579823484197675,0.040559154003858566,0.026153846153846153,0.018475919173481625,0.08286187761377525,2.454789638519287,0.0,0.011023598885138364,0.01847935919339424,0.040559154003858566,0.0015973300905898213,-3.440019912613612e-06,650,0.29126548767089844
105,soft,C0,0,0.0,105.0,71.94813537597656,0.23384615384615384,0.04537621828331222,0.0963656743094209,2.633685827255249,0.036647546207775654,0.4695281422386321,0.045753283670612044,71.94813537597656,0.0016127745620906353,-0.00037706538729982697,650,0.12991619110107422
105,soft,C0,1,0.0,105.0,72.51972961425781,0.23384615384615384,0.04589638360869007,0.09747353722052163,2.5193796157836914,0.0367694283879255,0.46806674552339295,0.04610734925462941,72.51972961425781,0.0016302914591506124,-0.0002109656459393372,650,0.19200515747070312
105,soft,C0,2,0.0,105.0,72.13922882080078,0.2323076923076923,0.045201760985816755,0.09755250193736519,2.3870434761047363,0.034564393939393936,0.4696394686907021,0.045577245275450054,72.13922882080078,0.0016084254020825028,-0.00037548428963329883,650,0.14204096794128418
105,soft,C0,3,0.0,105.0,71.33592987060547,0.2353846153846154,0.0452781378575189,0.09551355213635486,2.1672542095184326,0.03428571428571429,0.4697637222828063,0.0455644297389197,71.33592987060547,0.0015948308864608407,-0.0002862918814008006,650,0.18142080307006836
105,soft,C0,4,0.0,105.0,71.52452087402344,0.2353846153846154,0.045607947556662996,0.09668352251340227,2.454789638519287,0.034482758620689655,0.4669549422345769,0.045854703162041204,71.52452087402344,0.0015973302070051432,-0.0002467556053782072,650,0.14218616485595703
105,soft,C1,0,0.0,105.0,71.94813537597656,0.23384615384615384,0.04537621828331222,0.0913680653294828,2.633685827255249,0.024358557973367976,0.4695281422386321,0.045753283670612044,71.94813537597656,0.0016127745620906353,-0.00037706538729982697,650,0.22805237770080566
105,soft,C1,1,0.0,105.0,72.51972961425781,0.23384615384615384,0.04589638360869007,0.0927885517772951,2.5193796157836914,0.02595494613124388,0.46806674552339295,0.04610734925462941,72.51972961425781,0.0016302914591506124,-0.0002109656459393372,650,0.22592473030090332
105,soft,C1,2,0.0,105.0,72.13922882080078,0.2323076923076923,0.045201760985816755,0.09225855244179057,2.3870434761047363,0.022979270448336815,0.4696394686907021,0.045577245275450054,72.13922882080078,0.0016084254020825028,-0.00037548428963329883,650,0.20006680488586426
105,soft,C1,3,0.0,105.0,71.33592987060547,0.2353846153846154,0.0452781378575189,0.09128879782371818,2.1672542095184326,0.01865974363134837,0.4697637222828063,0.0455644297389197,71.33592987060547,0.0015948308864608407,-0.0002862918814008006,650,0.2103884220123291
105,soft,C1,4,0.0,105.0,71.52452087402344,0.2353846153846154,0.045607947556662996,0.09232144776111914,2.454789638519287,0.023902439024390244,0.4669549422345769,0.045854703162041204,71.52452087402344,0.0015973302070051432,-0.0002467556053782072,650,0.23387742042541504
105,soft,C2,0,0.0,105.0,71.94813537597656,0.23384615384615384,0.04537621828331222,0.09666879356221784,2.633685827255249,0.024358557973367976,0.4695281422386321,0.045753283670612044,71.94813537597656,0.0016127745620906353,-0.00037706538729982697,650,0.3063821792602539
105,soft,C2,1,0.0,105.0,72.51972961425781,0.23384615384615384,0.04589638360869007,0.0983651687925533,2.5193796157836914,0.02595494613124388,0.46806674552339295,0.04610734925462941,72.51972961425781,0.0016302914591506124,-0.0002109656459393372,650,0.29624223709106445
105,soft,C2,2,0.0,105.0,72.13922882080078,0.2323076923076923,0.045201760985816755,0.09706366590575173,2.3870434761047363,0.022979270448336815,0.4696394686907021,0.045577245275450054,72.13922882080078,0.0016084254020825028,-0.00037548428963329883,650,0.29038286209106445
105,soft,C2,3,0.0,105.0,71.33592987060547,0.2353846153846154,0.0452781378575189,0.09512085800553863,2.1672542095184326,0.01865974363134837,0.4697637222828063,0.0455644297389197,71.33592987060547,0.0015948308864608407,-0.0002862918814008006,650,0.27777814865112305
105,soft,C2,4,0.0,105.0,71.52452087402344,0.2353846153846154,0.045607947556662996,0.09669937323018007,2.454789638519287,0.023902439024390244,0.4669549422345769,0.045854703162041204,71.52452087402344,0.0015973302070051432,-0.0002467556053782072,650,0.29294466972351074
105,soft,C3,0,106.89157324193121,1.8915732419312121,3.1902215480804443,0.08,0.018937913307267483,0.08444350693322776,2.633685827255249,0.0,0.005626249972528076,0.01890786280955027,3.1902215480804443,0.0016127742128446698,3.005049771721141e-05,650,0.2934267520904541
105,soft,C3,1,105.06343562313299,0.0634356231329889,0.04190657287836075,0.033846153846153845,0.01801303548039758,0.08111043550190879,2.5193796157836914,0.0,0.0,0.01800636483302842,0.04190657287836075,0.0016302915755659342,6.670647369158567e-06,650,0.2998478412628174
105,soft,C3,2,105.07990628787104,0.07990628787104015,2.3610002994537354,0.06615384615384616,0.018623004648872073,0.08317667560260612,2.3870434761047363,0.0,0.0,0.018586973232855075,2.3610002994537354,0.0016084254020825028,3.60314160169975e-05,650,0.29447054862976074
105,soft,C3,3,104.97043578416532,0.029564215834682273,0.01200835406780243,0.027692307692307693,0.018356107944929735,0.0805058939403584,2.1672542095184326,0.0,0.008396946564885497,0.018307436196227905,0.01200835406780243,0.0015948308864608407,4.867174870182983e-05,650,0.28229236602783203
105,soft,C3,4,104.96004997726463,0.03995002273536841,0.04217188432812691,0.026153846153846153,0.018475331154924973,0.0829687355921547,2.454789638519287,0.0,0.0055596002382685816,0.018478730552202876,0.04217188432812691,0.0015973300905898213,-3.3993972779026993e-06,650,0.2631418704986572
105,adaptive,C0,0,0.0,105.0,71.94813537597656,0.23384615384615384,0.04537621828331222,0.0963656743094209,2.633685827255249,0.036647546207775654,0.4695281422386321,0.045753283670612044,71.94813537597656,0.0016127745620906353,-0.00037706538729982697,650,0.16373181343078613
105,adaptive,C0,1,0.0,105.0,72.51972961425781,0.23384615384615384,0.04589638360869007,0.09747353722052163,2.5193796157836914,0.0367694283879255,0.46806674552339295,0.04610734925462941,72.51972961425781,0.0016302914591506124,-0.0002109656459393372,650,0.11793923377990723
105,adaptive,C0,2,0.0,105.0,72.13922882080078,0.2323076923076923,0.045201760985816755,0.09755250193736519,2.3870434761047363,0.034564393939393936,0.4696394686907021,0.045577245275450054,72.13922882080078,0.0016084254020825028,-0.00037548428963329883,650,0.157745361328125
105,adaptive,C0,3,0.0,105.0,71.33592987060547,0.2353846153846154,0.0452781378575189,0.09551355213635486,2.1672542095184326,0.03428571428571429,0.4697637222828063,0.0455644297389197,71.33592987060547,0.0015948308864608407,-0.0002862918814008006,650,0.18453001976013184
105,adaptive,C0,4,0.0,105.0,71.52452087402344,0.2353846153846154,0.045607947556662996,0.09668352251340227,2.454789638519287,0.034482758620689655,0.4669549422345769,0.045854703162041204,71.52452087402344,0.0015973302070051432,-0.0002467556053782072,650,0.16238689422607422
105,adaptive,C1,0,0.0,105.0,71.94813537597656,0.23384615384615384,0.04537621828331222,0.09108168830501899,2.633685827255249,0.025133776552618777,0.4695281422386321,0.045753283670612044,71.94813537597656,0.0016127745620906353,-0.00037706538729982697,650,0.24315571784973145
105,adaptive,C1,1,0.0,105.0,72.51972961425781,0.23384615384615384,0.04589638360869007,0.09274833761236899,2.5193796157836914,0.026135249918327344,0.46806674552339295,0.04610734925462941,72.51972961425781,0.0016302914591506124,-0.0002109656459393372,650,0.2502422332763672
105,adaptive,C1,2,0.0,105.0,72.13922882080078,0.2323076923076923,0.045201760985816755,0.09225302003795828,2.3870434761047363,0.023289431416639896,0.4696394686907021,0.045577245275450054,72.13922882080078,0.0016084254020825028,-0.00037548428963329883,650,0.22956156730651855
105,adaptive,C1,3,0.0,105.0,71.33592987060547,0.2353846153846154,0.0452781378575189,0.09128759000900523,2.1672542095184326,0.0180282605164853,0.4697637222828063,0.0455644297389197,71.33592987060547,0.0015948308864608407,-0.0002862918814008006,650,0.2160966396331787
105,adaptive,C1,4,0.0,105.0,71.52452087402344,0.2353846153846154,0.045607947556662996,0.09229901986699164,2.454789638519287,0.023085677125670622,0.4669549422345769,0.045854703162041204,71.52452087402344,0.0015973302070051432,-0.0002467556053782072,650,0.22594285011291504
105,adaptive,C2,0,0.0,105.0,71.94813537597656,0.23384615384615384,0.04537621828331222,0.09690921573011031,2.633685827255249,0.025133776552618777,0.4695281422386321,0.045753283670612044,71.94813537597656,0.0016127745620906353,-0.00037706538729982697,650,0.33556175231933594
105,adaptive,C2,1,0.0,105.0,72.51972961425781,0.23384615384615384,0.04589638360869007,0.09849096559859148,2.5193796157836914,0.026135249918327344,0.46806674552339295,0.04610734925462941,72.51972961425781,0.0016302914591506124,-0.0002109656459393372,650,0.32471632957458496
105,adaptive,C2,2,0.0,105.0,72.13922882080078,0.2323076923076923,0.045201760985816755,0.09711755607158878,2.3870434761047363,0.023289431416639896,0.4696394686907021,0.045577245275450054,72.13922882080078,0.0016084254020825028,-0.00037548428963329883,650,0.3055918216705322
105,adaptive,C2,3,0.0,105.0,71.33592987060547,0.2353846153846154,0.0452781378575189,0.09522434411135267,2.1672542095184326,0.0180282605164853,0.4697637222828063,0.0455644297389197,71.33592987060547,0.0015948308864608407,-0.0002862918814008006,650,0.31542253494262695
105,adaptive,C2,4,0.0,105.0,71.52452087402344,0.2353846153846154,0.045607947556662996,0.09694698095099727,2.454789638519287,0.023085677125670622,0.4669549422345769,0.045854703162041204,71.52452087402344,0.0015973302070051432,-0.0002467556053782072,650,0.343472957611084
105,adaptive,C3,0,105.06178402920057,0.06178402920056669,2.799640655517578,0.06769230769230769,0.01892749456002074,0.08421679802955595,2.633685827255249,0.0,0.0,0.018881366516591835,2.684401273727417,0.0016127742128446698,4.612804342890575e-05,650,0.31208276748657227
105,adaptive,C3,1,105.06343562313299,0.0634356231329889,0.04190657287836075,0.033846153846153845,0.01801303548039758,0.08136531553324308,2.5193796157836914,0.0,0.0,0.01800636483302842,0.04190657287836075,0.0016302915755659342,6.670647369158567e-06,650,0.329575777053833
105,adaptive,C3,2,105.07990628787104,0.07990628787104015,2.3610002994537354,0.06615384615384616,0.018623004648872073,0.08327997039367162,2.3870434761047363,0.0,0.0,0.018586973232855075,2.3610002994537354,0.0016084254020825028,3.60314160169975e-05,650,0.32594776153564453
105,adaptive,C3,3,104.97043578416532,0.029564215834682273,0.01200835406780243,0.027692307692307693,0.018356107944929735,0.08061951141970507,2.1672542095184326,0.0,0.008396946564885497,0.018307436196227905,0.01200835406780243,0.0015948308864608407,4.867174870182983e-05,650,0.3236362934112549
105,adaptive,C3,4,104.99605956093974,0.003940439060258427,0.02797645330429077,0.026153846153846153,0.01847126997590103,0.08279834365109782,2.454789638519287,0.0,0.0,0.01847373306868135,0.02797645330429077,0.0015973300905898213,-2.4630927803227787e-06,650,0.33014345169067383
120,hard,C0,0,0.0,120.0,87.7381820678711,0.1753846153846154,0.053914298245297594,0.10892728409740492,2.629791021347046,0.03693853427895981,0.45430381819785093,0.05448529311564786,87.7381820678711,0.001611440209671855,-0.0005709948703502693,650,0.19720935821533203
120,hard,C0,1,0.0,120.0,87.8971176147461,0.1753846153846154,0.054198631374815356,0.10256619284738368,2.364617347717285,0.03688769414575866,0.4533052772469,0.05468315266377723,87.8971176147461,0.0016300897113978863,-0.0004845212889618769,650,0.19526362419128418
120,hard,C0,2,0.0,120.0,87.65235900878906,0.18153846153846154,0.0540178318953551,0.1090564189806235,2.2634923458099365,0.03510324483775811,0.45607230276784033,0.0545186809003454,87.65235900878906,0.001606917125172913,-0.0005008490049903044,650,0.20118951797485352
120,hard,C0,3,0.0,120.0,86.83218383789062,0.18,0.05414730695681293,0.1056237012890019,2.1422619819641113,0.03493191237418591,0.4557562119555255,0.054643697359002846,86.83218383789062,0.0015928216744214296,-0.0004963904021899196,650,0.16961264610290527
120,hard,C0,4,0.0,120.0,87.58329010009766,0.22,0.05395846828219953,0.10916558902387946,2.4318928718566895,0.03466076696165192,0.450611937488232,0.05445464934776319,87.58329010009766,0.0015969731612131,-0.000496181065563657,650,0.19678950309753418
120,hard,C1,0,178.8328217035875,58.83282170358751,88.2056655883789,0.16923076923076924,0.053723714653861616,0.09258668081412182,2.629791021347046,0.01932440657334145,0.45211191313001525,0.054268010209211785,88.2056655883789,0.001611440209671855,-0.0005442955553501688,650,0.21562981605529785
120,hard,C1,1,0.0,120.0,87.8971176147461,0.1753846153846154,0.054198631374815356,0.08958237522547857,2.364617347717285,0.02217125382262997,0.4533052772469,0.05468315266377723,87.8971176147461,0.0016300897113978863,-0.0004845212889618769,650,0.22813153266906738
120,hard,C1,2,0.0,120.0,87.79240417480469,0.18153846153846154,0.054080317140263165,0.09105735643196862,2.2634923458099365,0.020534500981428356,0.4571267181321785,0.05458926746469675,87.79240417480469,0.001606917125172913,-0.0005089503244335852,650,0.24792027473449707
120,hard,C1,3,0.0,120.0,86.83218383789062,0.18,0.05414730695681293,0.09062414070929728,2.1422619819641113,0.018468059339993945,0.4557562119555255,0.054643697359002846,86.83218383789062,0.0015928216744214296,-0.0004963904021899196,650,0.2287592887878418
120,hard,C1,4,179.63630547647972,59.63630547647972,87.802490234375,0.22,0.05390473688713328,0.09414162374989103,2.4318928718566895,0.017884207335556228,0.4506056612063014,0.054388282784468306,87.802490234375,0.0015969731612131,-0.0004835458973350276,650,0.1900196075439453
120,hard,C2,0,178.8328217035875,58.83282170358751,88.2056655883789,0.16923076923076924,0.053723714653861616,0.1165958564756385,2.629791021347046,0.01932440657334145,0.45211191313001525,0.054268010209211785,88.2056655883789,0.001611440209671855,-0.0005442955553501688,650,0.2994496822357178
120,hard,C2,1,0.0,120.0,87.8971176147461,0.1753846153846154,0.054198631374815356,0.10476510958842425,2.364617347717285,0.02217125382262997,0.4533052772469,0.05468315266377723,87.8971176147461,0.0016300897113978863,-0.0004845212889618769,650,0.29581260681152344
120,hard,C2,2,0.0,120.0,87.79240417480469,0.18153846153846154,0.054080317140263165,0.10834583695329351,2.2634923458099365,0.020534500981428356,0.4571267181321785,0.05458926746469675,87.79240417480469,0.001606917125172913,-0.0005089503244335852,650,0.301011323928833
120,hard,C2,3,0.0,120.0,86.83218383789062,0.18,0.05414730695681293,0.1064103662047888,2.1422619819641113,0.018468059339993945,0.4557562119555255,0.054643697359002846,86.83218383789062,0.0015928216744214296,-0.0004963904021899196,650,0.3149750232696533
120,hard,C2,4,179.63630547647972,59.63630547647972,87.802490234375,0.22,0.05390473688713328,0.11164467378569529,2.4318928718566895,0.017884207335556228,0.4506056612063014,0.054388282784468306,87.802490234375,0.0015969731612131,-0.0004835458973350276,650,0.3031961917877197
120,hard,C3,0,126.37322826757016,6.3732282675701555,8.08792781829834,0.08307692307692308,0.018187818460427507,0.08770983592029463,2.629791021347046,0.0,0.007230767292745298,0.01816015788634505,7.903743267059326,0.001611440209671855,2.766057408245745e-05,650,0.3192150592803955
120,hard,C3,1,121.63951218373384,1.6395121837338422,0.9116654992103577,0.06923076923076923,0.01591332802174883,0.0788090010669757,2.364617347717285,0.0,0.004864770950367753,0.015899529708673612,0.8195682764053345,0.001630089827813208,1.3798313075217422e-05,650,0.30109500885009766
120,hard,C3,2,119.96266685557849,0.0373331444215097,2.0561509132385254,0.07692307692307693,0.016501626669947454,0.07929474007554334,2.2634923458099365,0.0,0.007167513964727296,0.016459070843355655,2.1481761932373047,0.0016069173580035567,4.255582659179816e-05,650,0.31423091888427734
120,hard,C3,3,119.98254010928436,0.017459890715642246,0.8537548184394836,0.052307692307692305,0.0161289321647305,0.07825250866740013,2.1422619819641113,0.0,0.00730074650923181,0.0160656750564954,0.8537548184394836,0.0015928217908367515,6.325710823509856e-05,650,0.29734134674072266
120,hard,C3,4,122.30102306199062,2.3010230619906196,3.2507448196411133,0.046153846153846156,0.017006177129482127,0.08303768711402966,2.4318928718566895,0.0,0.010594363898826335,0.0169508999595525,3.2507448196411133,0.0015969730447977781,5.5277169929628805e-05,650,0.30205321311950684
120,soft,C0,0,0.0,120.0,87.7381820678711,0.1753846153846154,0.053914298245297594,0.10892728409740492,2.629791021347046,0.03693853427895981,0.45430381819785093,0.05448529311564786,87.7381820678711,0.001611440209671855,-0.0005709948703502693,650,0.13206934928894043
120,soft,C0,1,0.0,120.0,87.8971176147461,0.1753846153846154,0.054198631374815356,0.10256619284738368,2.364617347717285,0.03688769414575866,0.4533052772469,0.05468315266377723,87.8971176147461,0.0016300897113978863,-0.0004845212889618769,650,0.18628549575805664
120,soft,C0,2,0.0,120.0,87.65235900878906,0.18153846153846154,0.0540178318953551,0.1090564189806235,2.2634923458099365,0.03510324483775811,0.45607230276784033,0.0545186809003454,87.65235900878906,0.001606917125172913,-0.0005008490049903044,650,0.19101667404174805
120,soft,C0,3,0.0,120.0,86.83218383789062,0.18,0.05414730695681293,0.1056237012890019,2.1422619819641113,0.03493191237418591,0.4557562119555255,0.054643697359002846,86.83218383789062,0.0015928216744214296,-0.0004963904021899196,650,0.12228846549987793
120,soft,C0,4,0.0,120.0,87.58329010009766,0.22,0.05395846828219953,0.10916558902387946,2.4318928718566895,0.03466076696165192,0.450611937488232,0.05445464934776319,87.58329010009766,0.0015969731612131,-0.000496181065563657,650,0.19781231880187988
120,soft,C1,0,0.0,120.0,87.7381820678711,0.1753846153846154,0.053914298245297594,0.09072309282239106,2.629791021347046,0.027657347884586635,0.45430381819785093,0.05448529311564786,87.7381820678711,0.001611440209671855,-0.0005709948703502693,650,0.2638967037200928
120,soft,C1,1,0.0,120.0,87.8971176147461,0.1753846153846154,0.054198631374815356,0.08949237177987591,2.364617347717285,0.032136957501126294,0.4533052772469,0.05468315266377723,87.8971176147461,0.0016300897113978863,-0.0004845212889618769,650,0.2597215175628662
120,soft,C1,2,0.0,120.0,87.65235900878906,0.18153846153846154,0.0540178318953551,0.09146128479396917,2.2634923458099365,0.030545670225385527,0.45607230276784033,0.0545186809003454,87.65235900878906,0.001606917125172913,-0.0005008490049903044,650,0.25358080863952637
120,soft,C1,3,0.0,120.0,86.83218383789062,0.18,0.05414730695681293,0.09058907942430308,2.1422619819641113,0.029626321274378444,0.4557562119555255,0.054643697359002846,86.83218383789062,0.0015928216744214296,-0.0004963904021899196,650,0.2312631607055664
120,soft,C1,4,0.0,120.0,87.58329010009766,0.22,0.05395846828219953,0.09143295674931196,2.4318928718566895,0.027389103899970228,0.450611937488232,0.05445464934776319,87.58329010009766,0.0015969731612131,-0.000496181065563657,650,0.24708962440490723
120,soft,C2,0,0.0,120.0,87.7381820678711,0.1753846153846154,0.053914298245297594,0.11163740501448474,2.629791021347046,0.027657347884586635,0.45430381819785093,0.05448529311564786,87.7381820678711,0.001611440209671855,-0.0005709948703502693,650,0.32526683807373047
120,soft,C2,1,0.0,120.0,87.8971176147461,0.1753846153846154,0.054198631374815356,0.10511587793255267,2.364617347717285,0.032136957501126294,0.4533052772469,0.05468315266377723,87.8971176147461,0.0016300897113978863,-0.0004845212889618769,650,0.31052207946777344
120,soft,C2,2,0.0,120.0,87.65235900878906,0.18153846153846154,0.0540178318953551,0.10956321400549368,2.2634923458099365,0.030545670225385527,0.45607230276784033,0.0545186809003454,87.65235900878906,0.001606917125172913,-0.0005008490049903044,650,0.3138711452484131
120,soft,C2,3,0.0,120.0,86.83218383789062,0.18,0.05414730695681293,0.10647956888964809,2.1422619819641113,0.029626321274378444,0.4557562119555255,0.054643697359002846,86.83218383789062,0.0015928216744214296,-0.0004963904021899196,650,0.3120601177215576
120,soft,C2,4,0.0,120.0,87.58329010009766,0.22,0.05395846828219953,0.11083592938560854,2.4318928718566895,0.027389103899970228,0.450611937488232,0.05445464934776319,87.58329010009766,0.0015969731612131,-0.000496181065563657,650,0.30216383934020996
120,soft,C3,0,120.0606287670654,0.06062876706539555,2.7111361026763916,0.08153846153846153,0.016459900222167128,0.0805361200164739,2.629791021347046,0.0,0.0,0.01642894615119025,2.4346492290496826,0.001611440209671855,3.095407097687686e-05,650,0.29842424392700195
120,soft,C3,1,120.06665027825481,0.06665027825481218,0.9551605582237244,0.06,0.015775029172492745,0.07886869900727068,2.364617347717285,0.0,0.0,0.01576471101593253,0.8630702495574951,0.001630089827813208,1.0318156560214925e-05,650,0.33119916915893555
120,soft,C3,2,120.09250037708898,0.09250037708898162,1.993064522743225,0.07692307692307693,0.01648786596838718,0.07931726618951015,2.2634923458099365,0.0,0.0,0.016442950999573127,2.0850882530212402,0.001606917241588235,4.491496881405335e-05,650,0.27251577377319336
120,soft,C3,3,119.97886556402423,0.021134435975767474,0.8564689755439758,0.052307692307692305,0.016128182641208376,0.07826160113446282,2.1422619819641113,0.0,0.0,0.01606488890329303,0.8564689755439758,0.0015928217908367515,6.329373791534587e-05,650,0.3091006278991699
120,soft,C3,4,119.98378207324167,0.01621792675832978,0.750015139579773,0.04923076923076923,0.016185715978293096,0.07974607137021056,2.4318928718566895,0.0,0.0,0.016138102051515883,0.750015139579773,0.0015969730447977781,4.7613926777212434e-05,650,0.3100898265838623
120,adaptive,C0,0,0.0,120.0,87.7381820678711,0.1753846153846154,0.053914298245297594,0.10892728409740492,2.629791021347046,0.03693853427895981,0.45430381819785093,0.05448529311564786,87.7381820678711,0.001611440209671855,-0.0005709948703502693,650,0.2001349925994873
120,adaptive,C0,1,0.0,120.0,87.8971176147461,0.1753846153846154,0.054198631374815356,0.10256619284738368,2.364617347717285,0.03688769414575866,0.4533052772469,0.05468315266377723,87.8971176147461,0.0016300897113978863,-0.0004845212889618769,650,0.1656203269958496
120,adaptive,C0,2,0.0,120.0,87.65235900878906,0.18153846153846154,0.0540178318953551,0.1090564189806235,2.2634923458099365,0.03510324483775811,0.45607230276784033,0.0545186809003454,87.65235900878906,0.001606917125172913,-0.0005008490049903044,650,0.1730029582977295
120,adaptive,C0,3,0.0,120.0,86.83218383789062,0.18,0.05414730695681293,0.1056237012890019,2.1422619819641113,0.03493191237418591,0.4557562119555255,0.054643697359002846,86.83218383789062,0.0015928216744214296,-0.0004963904021899196,650,0.11005783081054688
120,adaptive,C0,4,0.0,120.0,87.58329010009766,0.22,0.05395846828219953,0.10916558902387946,2.4318928718566895,0.03466076696165192,0.450611937488232,0.05445464934776319,87.58329010009766,0.0015969731612131,-0.000496181065563657,650,0.21121716499328613
120,adaptive,C1,0,0.0,120.0,87.7381820678711,0.1753846153846154,0.053914298245297594,0.09020646929464421,2.629791021347046,0.02890519694473566,0.45430381819785093,0.05448529311564786,87.7381820678711,0.001611440209671855,-0.0005709948703502693,650,0.2255239486694336
120,adaptive,C1,1,0.0,120.0,87.8971176147461,0.1753846153846154,0.054198631374815356,0.0894899242084885,2.364617347717285,0.02946064360175253,0.4533052772469,0.05468315266377723,87.8971176147461,0.0016300897113978863,-0.0004845212889618769,650,0.26534318923950195
120,adaptive,C1,2,0.0,120.0,87.65235900878906,0.18153846153846154,0.0540178318953551,0.09151714724061191,2.2634923458099365,0.026950142236861804,0.45607230276784033,0.0545186809003454,87.65235900878906,0.001606917125172913,-0.0005008490049903044,650,0.24314188957214355
120,adaptive,C1,3,0.0,120.0,86.83218383789062,0.18,0.05414730695681293,0.090605456641676,2.1422619819641113,0.022319408837279446,0.4557562119555255,0.054643697359002846,86.83218383789062,0.0015928216744214296,-0.0004963904021899196,650,0.25518298149108887
120,adaptive,C1,4,0.0,120.0,87.58329010009766,0.22,0.05395846828219953,0.09129661335142836,2.4318928718566895,0.024181435866626615,0.450611937488232,0.05445464934776319,87.58329010009766,0.0015969731612131,-0.000496181065563657,650,0.2715916633605957
120,adaptive,C2,0,0.0,120.0,87.7381820678711,0.1753846153846154,0.053914298245297594,0.11159727630630867,2.629791021347046,0.02890519694473566,0.45430381819785093,0.05448529311564786,87.7381820678711,0.001611440209671855,-0.0005709948703502693,650,0.33080267906188965
120,adaptive,C2,1,0.0,120.0,87.8971176147461,0.1753846153846154,0.054198631374815356,0.10577724708727708,2.364617347717285,0.02946064360175253,0.4533052772469,0.05468315266377723,87.8971176147461,0.0016300897113978863,-0.0004845212889618769,650,0.35779690742492676
120,adaptive,C2,2,0.0,120.0,87.65235900878906,0.18153846153846154,0.0540178318953551,0.10993052734544112,2.2634923458099365,0.026950142236861804,0.45607230276784033,0.0545186809003454,87.65235900878906,0.001606917125172913,-0.0005008490049903044,650,0.33600330352783203
120,adaptive,C2,3,0.0,120.0,86.83218383789062,0.18,0.05414730695681293,0.10689837484670306,2.1422619819641113,0.022319408837279446,0.4557562119555255,0.054643697359002846,86.83218383789062,0.0015928216744214296,-0.0004963904021899196,650,0.32287144660949707
120,adaptive,C2,4,0.0,120.0,87.58329010009766,0.22,0.05395846828219953,0.11094074452953803,2.4318928718566895,0.024181435866626615,0.450611937488232,0.05445464934776319,87.58329010009766,0.0015969731612131,-0.000496181065563657,650,0.32640790939331055
120,adaptive,C3,0,120.0606287670654,0.06062876706539555,2.7111361026763916,0.08153846153846153,0.016459900222167128,0.08092391749881327,2.629791021347046,0.0,0.0,0.01642894615119025,2.4346492290496826,0.001611440209671855,3.095407097687686e-05,650,0.34815430641174316
120,adaptive,C3,1,120.06665027825481,0.06665027825481218,0.9551605582237244,0.06,0.015775029172492745,0.07906538833715833,2.364617347717285,0.0,0.0,0.01576471101593253,0.8630702495574951,0.001630089827813208,1.0318156560214925e-05,650,0.35040712356567383
120,adaptive,C3,2,120.09250037708898,0.09250037708898162,1.993064522743225,0.07692307692307693,0.01648786596838718,0.07943843047657446,2.2634923458099365,0.0,0.0,0.016442950999573127,2.0850882530212402,0.001606917241588235,4.491496881405335e-05,650,0.3441476821899414
120,adaptive,C3,3,119.97886556402423,0.021134435975767474,0.8564689755439758,0.052307692307692305,0.016128182641208376,0.07837392870314963,2.1422619819641113,0.0,0.0,0.01606488890329303,0.8564689755439758,0.0015928217908367515,6.329373791534587e-05,650,0.36316990852355957
120,adaptive,C3,4,119.967273106903,0.03272689309700638,0.7567934989929199,0.04923076923076923,0.016183240568824874,0.07991605165986315,2.4318928718566895,0.0,0.0035774807004330636,0.016135421669754988,0.7567934989929199,0.0015969730447977781,4.781889906988607e-05,650,0.32042598724365234
135,hard,C0,0,0.0,135.0,84.73265838623047,0.12615384615384614,0.06125754660163049,0.11267653378168434,2.450835943222046,0.037383177570093455,0.42484241425731795,0.06175702572500689,84.73265838623047,0.0016088689444586635,-0.0004994791233763965,650,0.18184709548950195
135,hard,C0,1,0.0,135.0,84.71148681640625,0.12461538461538461,0.06154338631361494,0.11296192965164265,2.472247838973999,0.03783068783068783,0.425674413909708,0.061958069555345774,84.71148681640625,0.0016314481617882848,-0.00041468324173083576,650,0.17110323905944824
135,hard,C0,2,0.0,135.0,83.16719055175781,0.13846153846153847,0.06118753021872383,0.11318357751483436,2.5008597373962402,0.035326086956521736,0.4265139147822223,0.06167373695026998,83.16719055175781,0.0016067706746980548,-0.00048620673154615296,650,0.20777273178100586
135,hard,C0,3,0.0,135.0,82.43833923339844,0.3507692307692308,0.0615014499733994,0.11116877969313499,2.303342342376709,0.03536141445657826,0.4264235569422777,0.06197021385479684,82.43833923339844,0.001591215026564896,-0.0004687638813974382,650,0.17295002937316895
135,hard,C0,4,0.0,135.0,84.09127044677734,0.34923076923076923,0.06148678875709419,0.11269646299908666,2.473979949951172,0.03663003663003663,0.42303249311335567,0.06195780015454885,84.09127044677734,0.001596661750227213,-0.0004710113974546598,650,0.17415165901184082
135,hard,C1,0,156.71694270103427,21.71694270103427,85.48480987548828,0.12461538461538461,0.06091375376318669,0.11438381718028244,2.450835943222046,0.024542318917484745,0.426047696113452,0.06141640651007479,85.48480987548828,0.0016088689444586635,-0.0005026527468880992,650,0.21381473541259766
135,hard,C1,1,157.4598446324611,22.459844632461113,84.96754455566406,0.12307692307692308,0.06128601280304467,0.11415518857996242,2.472247838973999,0.025616826210057973,0.4244378832614127,0.061697399932196396,84.96754455566406,0.0016314481617882848,-0.0004113871291517232,650,0.2516508102416992
135,hard,C1,2,0.0,135.0,83.31299591064453,0.13846153846153847,0.06122341703070672,0.10919893668228496,2.5008597373962402,0.023714891361950187,0.4277068863923959,0.06170756835905634,83.31299591064453,0.001606770558282733,-0.00048415132834962044,650,0.2572755813598633
135,hard,C1,3,0.0,135.0,82.43833923339844,0.3507692307692308,0.0615014499733994,0.1079672290182863,2.303342342376709,0.024199947103940755,0.4264235569422777,0.06197021385479684,82.43833923339844,0.001591215026564896,-0.0004687638813974382,650,0.2213764190673828
135,hard,C1,4,156.20635648850327,21.206356488503275,84.75457763671875,0.3446153846153846,0.06119497836942353,0.11140178814637414,2.473979949951172,0.02252614641995173,0.42302755645073703,0.06164144778499376,84.75457763671875,0.001596661750227213,-0.00044646941557022896,650,0.20967817306518555
135,hard,C2,0,156.71694270103427,21.71694270103427,85.48480987548828,0.12461538461538461,0.06091375376318669,0.11822586081009763,2.450835943222046,0.024542318917484745,0.426047696113452,0.06141640651007479,85.48480987548828,0.0016088689444586635,-0.0005026527468880992,650,0.3026103973388672
135,hard,C2,1,157.4598446324611,22.459844632461113,84.96754455566406,0.12307692307692308,0.06128601280304467,0.11887924300165555,2.472247838973999,0.025616826210057973,0.4244378832614127,0.061697399932196396,84.96754455566406,0.0016314481617882848,-0.0004113871291517232,650,0.3038208484649658
135,hard,C2,2,0.0,135.0,83.31299591064453,0.13846153846153847,0.06122341703070672,0.11426098689766606,2.5008597373962402,0.023714891361950187,0.4277068863923959,0.06170756835905634,83.31299591064453,0.001606770558282733,-0.00048415132834962044,650,0.30170702934265137
135,hard,C2,3,0.0,135.0,82.43833923339844,0.3507692307692308,0.0615014499733994,0.11103182215136147,2.303342342376709,0.024199947103940755,0.4264235569422777,0.06197021385479684,82.43833923339844,0.001591215026564896,-0.0004687638813974382,650,0.298999547958374
135,hard,C2,4,156.20635648850327,21.206356488503275,84.75457763671875,0.3446153846153846,0.06119497836942353,0.11531616377631194,2.473979949951172,0.02252614641995173,0.42302755645073703,0.06164144778499376,84.75457763671875,0.001596661750227213,-0.00044646941557022896,650,0.30497121810913086
135,hard,C3,0,137.9627851496112,2.962785149611193,6.79770040512085,0.09076923076923077,0.017212113444652004,0.09256558875821862,2.450835943222046,0.0,0.005268248113102094,0.01719010873804452,6.1068525314331055,0.0016088690608739853,2.200470660748341e-05,650,0.3503737449645996
135,hard,C3,1,138.74214407285038,3.7421440728503796,5.245583534240723,0.06,0.01732670554069314,0.0919388611495531,2.472247838973999,0.0,0.0009690362631539102,0.017330695048867154,5.452670574188232,0.001631448045372963,-3.989508174012668e-06,650,0.329540491104126
135,hard,C3,2,135.085504598417,0.08550459841700331,2.3225386142730713,0.09076923076923077,0.016550033164461866,0.08633745797264453,2.5008597373962402,0.0,0.002149280836142693,0.016534707713873775,2.3225386142730713,0.0016067703254520893,1.5325450588091205e-05,650,0.31591224670410156
135,hard,C3,3,134.95322340610176,0.046776593898243846,0.9305744171142578,0.06,0.01612063330989394,0.08689211037484687,2.303342342376709,0.0,0.0,0.016090286623369053,0.7921309471130371,0.001591215142980218,3.034668652488609e-05,650,0.32786989212036133
135,hard,C3,4,136.75067740873973,1.7506774087397332,2.896632432937622,0.05076923076923077,0.016670363042629442,0.09023389771005097,2.473979949951172,0.0,0.003134780762813108,0.016607339672226547,2.896632432937622,0.0015966620994731784,6.302337040289471e-05,650,0.32024192810058594
135,soft,C0,0,0.0,135.0,84.73265838623047,0.12615384615384614,0.06125754660163049,0.11267653378168434,2.450835943222046,0.037383177570093455,0.42484241425731795,0.06175702572500689,84.73265838623047,0.0016088689444586635,-0.0004994791233763965,650,0.13402342796325684
135,soft,C0,1,0.0,135.0,84.71148681640625,0.12461538461538461,0.06154338631361494,0.11296192965164265,2.472247838973999,0.03783068783068783,0.425674413909708,0.061958069555345774,84.71148681640625,0.0016314481617882848,-0.00041468324173083576,650,0.18029499053955078
135,soft,C0,2,0.0,135.0,83.16719055175781,0.13846153846153847,0.06118753021872383,0.11318357751483436,2.5008597373962402,0.035326086956521736,0.4265139147822223,0.06167373695026998,83.16719055175781,0.0016067706746980548,-0.00048620673154615296,650,0.12992572784423828
135,soft,C0,3,0.0,135.0,82.43833923339844,0.3507692307692308,0.0615014499733994,0.11116877969313499,2.303342342376709,0.03536141445657826,0.4264235569422777,0.06197021385479684,82.43833923339844,0.001591215026564896,-0.0004687638813974382,650,0.1900489330291748
135,soft,C0,4,0.0,135.0,84.09127044677734,0.34923076923076923,0.06148678875709419,0.11269646299908666,2.473979949951172,0.03663003663003663,0.42303249311335567,0.06195780015454885,84.09127044677734,0.001596661750227213,-0.0004710113974546598,650,0.1573629379272461
135,soft,C1,0,0.0,135.0,84.73265838623047,0.12615384615384614,0.06125754660163049,0.1091959427948177,2.450835943222046,0.03318959885012413,0.42484241425731795,0.06175702572500689,84.73265838623047,0.0016088689444586635,-0.0004994791233763965,650,0.27098608016967773
135,soft,C1,1,0.0,135.0,84.71148681640625,0.12461538461538461,0.06154338631361494,0.10879078055001778,2.472247838973999,0.03348392240233856,0.425674413909708,0.061958069555345774,84.71148681640625,0.0016314481617882848,-0.00041468324173083576,650,0.2428724765777588
135,soft,C1,2,0.0,135.0,83.16719055175781,0.13846153846153847,0.06118753021872383,0.10891334806640696,2.5008597373962402,0.03126221180148495,0.4265139147822223,0.06167373695026998,83.16719055175781,0.0016067706746980548,-0.00048620673154615296,650,0.19904589653015137
135,soft,C1,3,0.0,135.0,82.43833923339844,0.3507692307692308,0.0615014499733994,0.10776609539113209,2.303342342376709,0.0312051181616399,0.4264235569422777,0.06197021385479684,82.43833923339844,0.001591215026564896,-0.0004687638813974382,650,0.2700490951538086
135,soft,C1,4,0.0,135.0,84.09127044677734,0.34923076923076923,0.06148678875709419,0.10862426534939076,2.473979949951172,0.031278870265276495,0.42303249311335567,0.06195780015454885,84.09127044677734,0.001596661750227213,-0.0004710113974546598,650,0.26088452339172363
135,soft,C2,0,0.0,135.0,84.73265838623047,0.12615384615384614,0.06125754660163049,0.11502986271419807,2.450835943222046,0.03318959885012413,0.42484241425731795,0.06175702572500689,84.73265838623047,0.0016088689444586635,-0.0004994791233763965,650,0.3119804859161377
135,soft,C2,1,0.0,135.0,84.71148681640625,0.12461538461538461,0.06154338631361494,0.11430056113964,2.472247838973999,0.03348392240233856,0.425674413909708,0.061958069555345774,84.71148681640625,0.0016314481617882848,-0.00041468324173083576,650,0.3217897415161133
135,soft,C2,2,0.0,135.0,83.16719055175781,0.13846153846153847,0.06118753021872383,0.11422291523788743,2.5008597373962402,0.03126221180148495,0.4265139147822223,0.06167373695026998,83.16719055175781,0.0016067706746980548,-0.00048620673154615296,650,0.308856725692749
135,soft,C2,3,0.0,135.0,82.43833923339844,0.3507692307692308,0.0615014499733994,0.11118285548749098,2.303342342376709,0.0312051181616399,0.4264235569422777,0.06197021385479684,82.43833923339844,0.001591215026564896,-0.0004687638813974382,650,0.3320894241333008
135,soft,C2,4,0.0,135.0,84.09127044677734,0.34923076923076923,0.06148678875709419,0.11355076946525983,2.473979949951172,0.031278870265276495,0.42303249311335567,0.06195780015454885,84.09127044677734,0.001596661750227213,-0.0004710113974546598,650,0.30859947204589844
135,soft,C3,0,135.0655123652573,0.0655123652572911,3.2163288593292236,0.09846153846153846,0.016469701222469726,0.08777827445982646,2.450835943222046,0.0,0.0,0.016462797168375648,2.525474786758423,0.0016088690608739853,6.90405409407846e-06,650,0.3483870029449463
135,soft,C3,1,135.06164433224424,0.06164433224424215,0.9316822290420532,0.08153846153846153,0.016389963520145975,0.08566301669697425,2.472247838973999,0.0,0.0,0.016400266685897703,1.1387220621109009,0.001631448045372963,-1.0303165751728016e-05,650,0.3338017463684082
135,soft,C3,2,135.085504598417,0.08550459841700331,2.3225386142730713,0.09076923076923077,0.016550033164461866,0.08631510422680397,2.5008597373962402,0.0,0.002149280836142693,0.016534707713873775,2.3225386142730713,0.0016067703254520893,1.5325450588091205e-05,650,0.34726428985595703
135,soft,C3,3,134.95322340610176,0.046776593898243846,0.9305744171142578,0.06,0.01612063330989394,0.08694844834303668,2.303342342376709,0.0,0.0,0.016090286623369053,0.7921309471130371,0.001591215142980218,3.034668652488609e-05,650,0.3050694465637207
135,soft,C3,4,134.96740316723873,0.032596832761271344,0.9967600703239441,0.05384615384615385,0.01635324291574143,0.08712582363902162,2.473979949951172,0.0,0.0,0.016280390946732774,0.9967600703239441,0.0015966620994731784,7.285196900865681e-05,650,0.3282339572906494
135,adaptive,C0,0,0.0,135.0,84.73265838623047,0.12615384615384614,0.06125754660163049,0.11267653378168434,2.450835943222046,0.037383177570093455,0.42484241425731795,0.06175702572500689,84.73265838623047,0.0016088689444586635,-0.0004994791233763965,650,0.16575169563293457
135,adaptive,C0,1,0.0,135.0,84.71148681640625,0.12461538461538461,0.06154338631361494,0.11296192965164265,2.472247838973999,0.03783068783068783,0.425674413909708,0.061958069555345774,84.71148681640625,0.0016314481617882848,-0.00041468324173083576,650,0.1602640151977539
135,adaptive,C0,2,0.0,135.0,83.16719055175781,0.13846153846153847,0.06118753021872383,0.11318357751483436,2.5008597373962402,0.035326086956521736,0.4265139147822223,0.06167373695026998,83.16719055175781,0.0016067706746980548,-0.00048620673154615296,650,0.1786060333251953
135,adaptive,C0,3,0.0,135.0,82.43833923339844,0.3507692307692308,0.0615014499733994,0.11116877969313499,2.303342342376709,0.03536141445657826,0.4264235569422777,0.06197021385479684,82.43833923339844,0.001591215026564896,-0.0004687638813974382,650,0.20555782318115234
135,adaptive,C0,4,0.0,135.0,84.09127044677734,0.34923076923076923,0.06148678875709419,0.11269646299908666,2.473979949951172,0.03663003663003663,0.42303249311335567,0.06195780015454885,84.09127044677734,0.001596661750227213,-0.0004710113974546598,650,0.13649320602416992
135,adaptive,C1,0,0.0,135.0,84.73265838623047,0.12615384615384614,0.06125754660163049,0.10865855554994565,2.450835943222046,0.03332462101411396,0.42484241425731795,0.06175702572500689,84.73265838623047,0.0016088689444586635,-0.0004994791233763965,650,0.2652561664581299
135,adaptive,C1,1,0.0,135.0,84.71148681640625,0.12461538461538461,0.06154338631361494,0.10878733695311579,2.472247838973999,0.0335240122389251,0.425674413909708,0.061958069555345774,84.71148681640625,0.0016314481617882848,-0.00041468324173083576,650,0.258303165435791
135,adaptive,C1,2,0.0,135.0,83.16719055175781,0.13846153846153847,0.06118753021872383,0.10898490738172219,2.5008597373962402,0.030291160725943334,0.4265139147822223,0.06167373695026998,83.16719055175781,0.0016067706746980548,-0.00048620673154615296,650,0.2602534294128418
135,adaptive,C1,3,0.0,135.0,82.43833923339844,0.3507692307692308,0.0615014499733994,0.10784055041484131,2.303342342376709,0.030231645072634473,0.4264235569422777,0.06197021385479684,82.43833923339844,0.001591215026564896,-0.0004687638813974382,650,0.2636563777923584
135,adaptive,C1,4,0.0,135.0,84.09127044677734,0.34923076923076923,0.06148678875709419,0.10857050303325115,2.473979949951172,0.030783458845289997,0.42303249311335567,0.06195780015454885,84.09127044677734,0.001596661750227213,-0.0004710113974546598,650,0.23101019859313965
135,adaptive,C2,0,0.0,135.0,84.73265838623047,0.12615384615384614,0.06125754660163049,0.11426710168770489,2.450835943222046,0.03332462101411396,0.42484241425731795,0.06175702572500689,84.73265838623047,0.0016088689444586635,-0.0004994791233763965,650,0.3538825511932373
135,adaptive,C2,1,0.0,135.0,84.71148681640625,0.12461538461538461,0.06154338631361494,0.11451124128853435,2.472247838973999,0.0335240122389251,0.425674413909708,0.061958069555345774,84.71148681640625,0.0016314481617882848,-0.00041468324173083576,650,0.3524634838104248
135,adaptive,C2,2,0.0,135.0,83.16719055175781,0.13846153846153847,0.06118753021872383,0.1142630660209264,2.5008597373962402,0.030291160725943334,0.4265139147822223,0.06167373695026998,83.16719055175781,0.0016067706746980548,-0.00048620673154615296,650,0.368117094039917
135,adaptive,C2,3,0.0,135.0,82.43833923339844,0.3507692307692308,0.0615014499733994,0.11144741875510472,2.303342342376709,0.030231645072634473,0.4264235569422777,0.06197021385479684,82.43833923339844,0.001591215026564896,-0.0004687638813974382,650,0.35224008560180664
135,adaptive,C2,4,0.0,135.0,84.09127044677734,0.34923076923076923,0.06148678875709419,0.11353324258595998,2.473979949951172,0.030783458845289997,0.42303249311335567,0.06195780015454885,84.09127044677734,0.001596661750227213,-0.0004710113974546598,650,0.3424670696258545
135,adaptive,C3,0,135.0655123652573,0.0655123652572911,3.2163288593292236,0.09846153846153846,0.016469701222469726,0.08757326871827488,2.450835943222046,0.0,0.0,0.016462797168375648,2.525474786758423,0.0016088690608739853,6.90405409407846e-06,650,0.3637416362762451
135,adaptive,C3,1,135.06164433224424,0.06164433224424215,0.9316822290420532,0.08153846153846153,0.016389963520145975,0.08577493554078479,2.472247838973999,0.0,0.0,0.016400266685897703,1.1387220621109009,0.001631448045372963,-1.0303165751728016e-05,650,0.3811681270599365
135,adaptive,C3,2,135.0858286714179,0.08582867141788597,2.3225340843200684,0.09076923076923077,0.016549780705071442,0.08643697446499071,2.5008597373962402,0.0,0.0,0.016534437932940883,2.3225340843200684,0.0016067703254520893,1.534277213055893e-05,650,0.3651747703552246
135,adaptive,C3,3,134.95322340610176,0.046776593898243846,0.9305744171142578,0.06,0.01612063330989394,0.08704004695052481,2.303342342376709,0.0,0.0,0.016090286623369053,0.7921309471130371,0.001591215142980218,3.034668652488609e-05,650,0.32210731506347656
135,adaptive,C3,4,134.96740316723873,0.032596832761271344,0.9967600703239441,0.05384615384615385,0.01635324291574143,0.08710602788316643,2.473979949951172,0.0,0.0,0.016280390946732774,0.9967600703239441,0.0015966620994731784,7.285196900865681e-05,650,0.3573899269104004
150,hard,C0,0,0.0,150.0,12.356407165527344,0.13846153846153847,0.024803193778979955,0.08907892159847383,2.701974630355835,0.0484375,0.4255868544600939,0.02493447283677903,12.385143280029297,0.0016085428651422262,-0.00013127905779907606,650,0.15706610679626465
150,hard,C0,1,0.0,150.0,12.450321197509766,0.09538461538461539,0.024857011179438813,0.08813052066809791,2.8365089893341064,0.04903495044340115,0.4222801104782649,0.02485973194568138,12.421342849731445,0.001630860147997737,-2.7207662425671186e-06,650,0.13571739196777344
150,hard,C0,2,0.0,150.0,12.400703430175781,0.13076923076923078,0.02507660040279619,0.08873845983942685,2.9275379180908203,0.047952306894764124,0.4268833301841543,0.025095956961027444,12.31406021118164,0.0016051949933171272,-1.935655823125451e-05,650,0.1356973648071289
150,hard,C0,3,0.0,150.0,12.27323055267334,0.09384615384615384,0.02492351406945348,0.08906960186912116,2.7619099617004395,0.047377985462097615,0.4260525561209364,0.025002637645620558,12.215213775634766,0.0015897494740784168,-7.912357616707971e-05,650,0.15948867797851562
150,hard,C0,4,0.0,150.0,12.175952911376953,0.12307692307692308,0.025147071635480862,0.08858139112165468,2.594672679901123,0.046891327063740856,0.42265616157241775,0.025107950001789326,12.26240348815918,0.001596180722117424,3.9121633691536345e-05,650,0.11876726150512695
150,hard,C1,0,157.10197893028416,7.101978930284162,14.513527870178223,0.13846153846153847,0.025301666407192364,0.08464569130226066,2.701974630355835,0.0356,0.42191412363067293,0.025416124502915353,14.484784126281738,0.0016085428651422262,-0.00011445809572298987,650,0.22789382934570312
150,hard,C1,1,158.5383998643722,8.538399864372195,14.478772163391113,0.09538461538461539,0.025372222283330387,0.08805681408113647,2.8365089893341064,0.0349023803155924,0.42103404123802374,0.02538452980679192,14.449793815612793,0.001630860147997737,-1.2307523461534131e-05,650,0.22608685493469238
150,hard,C1,2,0.0,150.0,12.489748001098633,0.12461538461538461,0.025187675255775952,0.08339818564616128,2.9275379180908203,0.031491860154790496,0.4327650276401021,0.025207817094646603,12.374329566955566,0.0016051949933171272,-2.0141838870651324e-05,650,0.16732549667358398
150,hard,C1,3,157.82472609684112,7.824726096841118,13.280344009399414,0.09384615384615384,0.02512726400596875,0.08617308117585006,2.7619099617004395,0.03486360612109115,0.42484241425731795,0.025207002386083963,13.193315505981445,0.0015897495904937387,-7.973838011521295e-05,650,0.2065274715423584
150,hard,C1,4,157.7761345007047,7.7761345007047,13.457188606262207,0.12307692307692308,0.025460736621738457,0.08671189079095963,2.594672679901123,0.0324396782841823,0.4214111012140569,0.025429030825600368,13.572458267211914,0.001596180722117424,3.170579613808941e-05,650,0.22881770133972168
150,hard,C2,0,157.10197893028416,7.101978930284162,14.513527870178223,0.13846153846153847,0.025301666407192364,0.09409167138916548,2.701974630355835,0.0356,0.42191412363067293,0.025416124502915353,14.484784126281738,0.0016085428651422262,-0.00011445809572298987,650,0.2512075901031494
150,hard,C2,1,158.5383998643722,8.538399864372195,14.478772163391113,0.09538461538461539,0.025372222283330387,0.0926745216925618,2.8365089893341064,0.0349023803155924,0.42103404123802374,0.02538452980679192,14.449793815612793,0.001630860147997737,-1.2307523461534131e-05,650,0.2846965789794922
150,hard,C2,2,0.0,150.0,12.489748001098633,0.12461538461538461,0.025187675255775952,0.08853985244569934,2.9275379180908203,0.031491860154790496,0.4327650276401021,0.025207817094646603,12.374329566955566,0.0016051949933171272,-2.0141838870651324e-05,650,0.30195164680480957
150,hard,C2,3,157.82472609684112,7.824726096841118,13.280344009399414,0.09384615384615384,0.02512726400596875,0.09049220169560948,2.7619099617004395,0.03486360612109115,0.42484241425731795,0.025207002386083963,13.193315505981445,0.0015897495904937387,-7.973838011521295e-05,650,0.29418039321899414
150,hard,C2,4,157.7761345007047,7.7761345007047,13.457188606262207,0.12307692307692308,0.025460736621738457,0.09121100635321948,2.594672679901123,0.0324396782841823,0.4214111012140569,0.025429030825600368,13.572458267211914,0.001596180722117424,3.170579613808941e-05,650,0.2941465377807617
150,hard,C3,0,151.8329553327168,1.832955332716807,5.928196907043457,0.0876923076923077,0.0181160769971064,0.09035824580092292,2.701974630355835,0.0,0.0028413536776212833,0.018113690146603387,5.882188320159912,0.0016085428651422262,2.3868505030118226e-06,650,0.3029510974884033
150,hard,C3,1,151.85299475900086,1.8529947590008646,4.9007463455200195,0.07384615384615385,0.017636991378192468,0.08921308433362918,2.8365089893341064,0.0,0.0009419106067964738,0.01766414535956914,4.9007463455200195,0.001630860147997737,-2.715398137667288e-05,650,0.2789726257324219
150,hard,C3,2,150.07655762959874,0.07655762959873869,2.215542793273926,0.11692307692307692,0.017606770509687647,0.08438470419863649,2.9275379180908203,0.0,0.01067813936812934,0.017618838912342175,2.3072826862335205,0.0016051949933171272,-1.206840265452827e-05,650,0.354891300201416
150,hard,C3,3,150.8777173940986,0.8777173940985961,2.4374589920043945,0.03076923076923077,0.017562409856877174,0.08684337302609506,2.7619099617004395,0.0,0.0009525614669446591,0.017539191096191366,2.483614444732666,0.0015897494740784168,2.3218760685807943e-05,650,0.3430008888244629
150,hard,C3,4,151.28644383178292,1.2864438317829183,2.6713850498199463,0.023076923076923078,0.01779352690240346,0.08805822346860175,2.594672679901123,0.0,0.0009448679399418316,0.01776596428847877,2.8558099269866943,0.0015961804892867804,2.756261392469067e-05,650,0.31410789489746094
150,soft,C0,0,0.0,150.0,12.356407165527344,0.13846153846153847,0.024803193778979955,0.08907892159847383,2.701974630355835,0.0484375,0.4255868544600939,0.02493447283677903,12.385143280029297,0.0016085428651422262,-0.00013127905779907606,650,0.12070298194885254
150,soft,C0,1,0.0,150.0,12.450321197509766,0.09538461538461539,0.024857011179438813,0.08813052066809791,2.8365089893341064,0.04903495044340115,0.4222801104782649,0.02485973194568138,12.421342849731445,0.001630860147997737,-2.7207662425671186e-06,650,0.12327003479003906
150,soft,C0,2,0.0,150.0,12.400703430175781,0.13076923076923078,0.02507660040279619,0.08873845983942685,2.9275379180908203,0.047952306894764124,0.4268833301841543,0.025095956961027444,12.31406021118164,0.0016051949933171272,-1.935655823125451e-05,650,0.10411739349365234
150,soft,C0,3,0.0,150.0,12.27323055267334,0.09384615384615384,0.02492351406945348,0.08906960186912116,2.7619099617004395,0.047377985462097615,0.4260525561209364,0.025002637645620558,12.215213775634766,0.0015897494740784168,-7.912357616707971e-05,650,0.15689849853515625
150,soft,C0,4,0.0,150.0,12.175952911376953,0.12307692307692308,0.025147071635480862,0.08858139112165468,2.594672679901123,0.046891327063740856,0.42265616157241775,0.025107950001789326,12.26240348815918,0.001596180722117424,3.9121633691536345e-05,650,0.11003732681274414
150,soft,C1,0,0.0,150.0,12.356407165527344,0.13846153846153847,0.024803193778979955,0.08347339426355337,2.701974630355835,0.04385504201680672,0.4255868544600939,0.02493447283677903,12.385143280029297,0.0016085428651422262,-0.00013127905779907606,650,0.2392899990081787
150,soft,C1,1,0.0,150.0,12.450321197509766,0.09538461538461539,0.024857011179438813,0.08269941584222164,2.8365089893341064,0.04472717733473242,0.4222801104782649,0.02485973194568138,12.421342849731445,0.001630860147997737,-2.7207662425671186e-06,650,0.1934216022491455
150,soft,C1,2,0.0,150.0,12.400703430175781,0.13076923076923078,0.02507660040279619,0.08317503238793961,2.9275379180908203,0.04291677537177146,0.4268833301841543,0.025095956961027444,12.31406021118164,0.0016051949933171272,-1.935655823125451e-05,650,0.2081012725830078
150,soft,C1,3,0.0,150.0,12.27323055267334,0.09384615384615384,0.02492351406945348,0.08361308357385329,2.7619099617004395,0.0423861852433281,0.4260525561209364,0.025002637645620558,12.215213775634766,0.0015897494740784168,-7.912357616707971e-05,650,0.18775725364685059
150,soft,C1,4,0.0,150.0,12.175952911376953,0.12307692307692308,0.025147071635480862,0.08303291397213221,2.594672679901123,0.041173375427519074,0.42265616157241775,0.025107950001789326,12.26240348815918,0.001596180722117424,3.9121633691536345e-05,650,0.23256993293762207
150,soft,C2,0,0.0,150.0,12.356407165527344,0.13846153846153847,0.024803193778979955,0.08860676556698992,2.701974630355835,0.04385504201680672,0.4255868544600939,0.02493447283677903,12.385143280029297,0.0016085428651422262,-0.00013127905779907606,650,0.31812000274658203
150,soft,C2,1,0.0,150.0,12.450321197509766,0.09538461538461539,0.024857011179438813,0.08848019984006268,2.8365089893341064,0.04472717733473242,0.4222801104782649,0.02485973194568138,12.421342849731445,0.001630860147997737,-2.7207662425671186e-06,650,0.30159616470336914
150,soft,C2,2,0.0,150.0,12.400703430175781,0.13076923076923078,0.02507660040279619,0.08856528185934702,2.9275379180908203,0.04291677537177146,0.4268833301841543,0.025095956961027444,12.31406021118164,0.0016051949933171272,-1.935655823125451e-05,650,0.30944132804870605
150,soft,C2,3,0.0,150.0,12.27323055267334,0.09384615384615384,0.02492351406945348,0.08843892342881608,2.7619099617004395,0.0423861852433281,0.4260525561209364,0.025002637645620558,12.215213775634766,0.0015897494740784168,-7.912357616707971e-05,650,0.27417826652526855
150,soft,C2,4,0.0,150.0,12.175952911376953,0.12307692307692308,0.025147071635480862,0.08823614652286182,2.594672679901123,0.041173375427519074,0.42265616157241775,0.025107950001789326,12.26240348815918,0.001596180722117424,3.9121633691536345e-05,650,0.29854583740234375
150,soft,C3,0,150.04211949326128,0.04211949326128206,2.6490230560302734,0.0876923076923077,0.017506984936333875,0.08467708102230487,2.701974630355835,0.0,0.0,0.017515846354843566,2.6030144691467285,0.0016085428651422262,-8.861418509691077e-06,650,0.31013941764831543
150,soft,C3,1,150.0668445301895,0.06684453018951331,1.783880352973938,0.07384615384615385,0.017091669852932617,0.08407563597982368,2.8365089893341064,0.0,0.0,0.017116694141638255,1.7838804721832275,0.001630860147997737,-2.502428870563775e-05,650,0.3333721160888672
150,soft,C3,2,150.07687939501628,0.07687939501627739,2.219261884689331,0.11692307692307692,0.0176067548880099,0.08426328581171429,2.9275379180908203,0.0,0.0,0.017618811422280167,2.311001777648926,0.0016051949933171272,-1.2056534270266789e-05,650,0.3383908271789551
150,soft,C3,3,149.95340133346863,0.04659866653136646,0.9076420664787292,0.03076923076923077,0.017320482208351032,0.08474124412156728,2.7619099617004395,0.0,0.0,0.01729077384219681,0.9537931084632874,0.0015897494740784168,2.9708366154221344e-05,650,0.3421361446380615
150,soft,C3,4,149.97782802452178,0.0221719754782157,0.7195696830749512,0.023076923076923078,0.017474068912634803,0.08409945924615113,2.594672679901123,0.0,0.0,0.017439668148423206,0.9039945006370544,0.0015961804892867804,3.4400764211597185e-05,650,0.34938859939575195
150,adaptive,C0,0,0.0,150.0,12.356407165527344,0.13846153846153847,0.024803193778979955,0.08907892159847383,2.701974630355835,0.0484375,0.4255868544600939,0.02493447283677903,12.385143280029297,0.0016085428651422262,-0.00013127905779907606,650,0.1565542221069336
150,adaptive,C0,1,0.0,150.0,12.450321197509766,0.09538461538461539,0.024857011179438813,0.08813052066809791,2.8365089893341064,0.04903495044340115,0.4222801104782649,0.02485973194568138,12.421342849731445,0.001630860147997737,-2.7207662425671186e-06,650,0.13115334510803223
150,adaptive,C0,2,0.0,150.0,12.400703430175781,0.13076923076923078,0.02507660040279619,0.08873845983942685,2.9275379180908203,0.047952306894764124,0.4268833301841543,0.025095956961027444,12.31406021118164,0.0016051949933171272,-1.935655823125451e-05,650,0.1135091781616211
150,adaptive,C0,3,0.0,150.0,12.27323055267334,0.09384615384615384,0.02492351406945348,0.08906960186912116,2.7619099617004395,0.047377985462097615,0.4260525561209364,0.025002637645620558,12.215213775634766,0.0015897494740784168,-7.912357616707971e-05,650,0.14044761657714844
150,adaptive,C0,4,0.0,150.0,12.175952911376953,0.12307692307692308,0.025147071635480862,0.08858139112165468,2.594672679901123,0.046891327063740856,0.42265616157241775,0.025107950001789326,12.26240348815918,0.001596180722117424,3.9121633691536345e-05,650,0.1528184413909912
150,adaptive,C1,0,0.0,150.0,12.356407165527344,0.13846153846153847,0.024803193778979955,0.08335830770203552,2.701974630355835,0.041941440253231335,0.4255868544600939,0.02493447283677903,12.385143280029297,0.0016085428651422262,-0.00013127905779907606,650,0.22721529006958008
150,adaptive,C1,1,0.0,150.0,12.450321197509766,0.09538461538461539,0.024857011179438813,0.08269333461170134,2.8365089893341064,0.045496383957922416,0.4222801104782649,0.02485973194568138,12.421342849731445,0.001630860147997737,-2.7207662425671186e-06,650,0.24029994010925293
150,adaptive,C1,2,0.0,150.0,12.400703430175781,0.13076923076923078,0.02507660040279619,0.08319355090311699,2.9275379180908203,0.04176516942474389,0.4268833301841543,0.025095956961027444,12.31406021118164,0.0016051949933171272,-1.935655823125451e-05,650,0.20787382125854492
150,adaptive,C1,3,0.0,150.0,12.27323055267334,0.09384615384615384,0.02492351406945348,0.08359173662328741,2.7619099617004395,0.044400785854616896,0.4260525561209364,0.025002637645620558,12.215213775634766,0.0015897494740784168,-7.912357616707971e-05,650,0.25591015815734863
150,adaptive,C1,4,0.0,150.0,12.175952911376953,0.12307692307692308,0.025147071635480862,0.08298402582007812,2.594672679901123,0.04140295358649789,0.42265616157241775,0.025107950001789326,12.26240348815918,0.001596180722117424,3.9121633691536345e-05,650,0.24798154830932617
150,adaptive,C2,0,0.0,150.0,12.356407165527344,0.13846153846153847,0.024803193778979955,0.08871717651846327,2.701974630355835,0.041941440253231335,0.4255868544600939,0.02493447283677903,12.385143280029297,0.0016085428651422262,-0.00013127905779907606,650,0.34439873695373535
150,adaptive,C2,1,0.0,150.0,12.450321197509766,0.09538461538461539,0.024857011179438813,0.08834706938418077,2.8365089893341064,0.045496383957922416,0.4222801104782649,0.02485973194568138,12.421342849731445,0.001630860147997737,-2.7207662425671186e-06,650,0.3382117748260498
150,adaptive,C2,2,0.0,150.0,12.400703430175781,0.13076923076923078,0.02507660040279619,0.08861176843616081,2.9275379180908203,0.04176516942474389,0.4268833301841543,0.025095956961027444,12.31406021118164,0.0016051949933171272,-1.935655823125451e-05,650,0.34876036643981934
150,adaptive,C2,3,0.0,150.0,12.27323055267334,0.09384615384615384,0.02492351406945348,0.08838415489715985,2.7619099617004395,0.044400785854616896,0.4260525561209364,0.025002637645620558,12.215213775634766,0.0015897494740784168,-7.912357616707971e-05,650,0.3331911563873291
150,adaptive,C2,4,0.0,150.0,12.175952911376953,0.12307692307692308,0.025147071635480862,0.0882401820055935,2.594672679901123,0.04140295358649789,0.42265616157241775,0.025107950001789326,12.26240348815918,0.001596180722117424,3.9121633691536345e-05,650,0.32758474349975586
150,adaptive,C3,0,150.04211949326128,0.04211949326128206,2.6490230560302734,0.0876923076923077,0.017506984936333875,0.0847110878396601,2.701974630355835,0.0,0.0,0.017515846354843566,2.6030144691467285,0.0016085428651422262,-8.861418509691077e-06,650,0.38976097106933594
150,adaptive,C3,1,150.0668445301895,0.06684453018951331,1.783880352973938,0.07384615384615385,0.017091669852932617,0.08415151339294283,2.8365089893341064,0.0,0.0,0.017116694141638255,1.7838804721832275,0.001630860147997737,-2.502428870563775e-05,650,0.36646151542663574
150,adaptive,C3,2,150.07687939501628,0.07687939501627739,2.219261884689331,0.11692307692307692,0.0176067548880099,0.0844510012884712,2.9275379180908203,0.0,0.0,0.017618811422280167,2.311001777648926,0.0016051949933171272,-1.2056534270266789e-05,650,0.3811924457550049
150,adaptive,C3,3,149.95340133346863,0.04659866653136646,0.9076420664787292,0.03076923076923077,0.017320482208351032,0.08469728503307741,2.7619099617004395,0.0,0.0,0.01729077384219681,0.9537931084632874,0.0015897494740784168,2.9708366154221344e-05,650,0.35396289825439453
150,adaptive,C3,4,149.97782802452178,0.0221719754782157,0.7195696830749512,0.023076923076923078,0.017474068912634803,0.08417886754656934,2.594672679901123,0.0,0.0,0.017439668148423206,0.9039945006370544,0.0015961804892867804,3.4400764211597185e-05,650,0.34454894065856934
